1	3102	750	-	TGTATCATACTCCAGTGATCTAATCATATATCGAACAAACACTGAAGGTAATGATGTGATCCCTAATTGTGATTGCACTGAATGTACATATTACTGCCACCACAAAGATAGGTATTTTCCTATCAGAGTTACTGCACATGATTGGTATGA
2	3520	750	-	TTTATCAACCCCACTAGTAAAATTGGTTCAAAAGTGATTAAATGGTTGTTGAGGATAGTTTCAGCTATGATAATAATGGTAAGGAATAGTTCTGATCCACAAACTGTAATTGCCACTCTCACCCTTCTAGGTTGTTCAGGCTCACCATGG
3	616	750	-	ACACTTCAATCACCAACAGTTGAAGCTTGTGGTTATTCAGACAGACTAATACAGATAACCCGAGGAGATTCCACTATAACATCCCAAGATACTGCAAATGCAGTTGTTGCTTATGGTGTGTGGCCATCATACTTGACTCCAGATGATGCG
4	3450	750	-	TGATTATGTGGAACATCTTGGTCAAGTCTTTGGTGTAGGCTTCGTAGACAGCATCAAACAACAGGTAAACTTTATCAACCCCACTAGTAAAATTGGTTCAAAAGTGATTAAATGGTTGTTGAGGATAGTTTCAGCTATGATAATAATGGT
6	3363	750	-	TATAGGTATGATTACAGCTGGAGGTGAAGGTCACGTTGCTTTTATTGACCTGAGAAAATTCCAGTGTGCTGAGGAGCAAGGGTTATCTGATTATGTGGAACATCTTGGTCAAGTCTTTGGTGTAGGCTTCGTAGACAGCATCAAACAACA
8	0	750	-	TACAATATGACCAATAGGTGACAATCATCCAGACTGTCAAAGGTCAAGCACTTCTGTTTCCCCGGTCAATGAGGATATGCTTTACCCAAGGCAAAAACCTTAGAGATCGTTATCCCCACACTGCCTACACAGAGCCCAGTACCATTTTTG
12	2497	750	-	TATACAAGATTTGATTCAGAGATAACAATAGTCACTGCAGCCGCAGCTCAAGGAAATGATAGTGGACATATAGTATTGCAATTTATGTATGTACCCCCAGGAGCACCTGTCCCCGAAAAACGTGATGATTACACATGGCAATCAGGAACA
13	2344	750	-	AGTTTCTTAGGTAGGTCAGGGTGTATCGCTATGATAGAATTTAATACAAGTAGTGATAAAACTGAACATGATAAAATTGGTAAAGGATTCAAAACATGGAAGGTTAGTCTTCAAGAAATGGCACAAATCAGAAGAAAATATGAATTATTC
15	5490	750	-	TTCTGCAATGCTTCTCAAATCTTATTTTGGTGAAACCCAGGGTTTAATCACTAAAGAACTTCCTGTATCTGTAAAGAACTTACCATCCGTACATGTTTCATCTAAAACCCGACTACAACCTAGTGTTTTTCATGATGTTTTCCCTGGAAC
16	3374	750	-	TTACAGCTGGAGGTGAAGGTCACGTTGCTTTTATTGACCTGAGAAAATTCCAGTGTGCTGAGGAGCAAGGGTTATCTGATTATGTGGAACATCTTGGTCAAGTCTTTGGTGTAGGCTTCGTAGACAGCATCAAACAACAGGTAAACTTTA
18	3353	750	-	AACATGGTGTTATAGGTATGATTACAGCTGGAGGTGAAGGTCACGTTGCTTTTATTGACCTGAGAAAATTCCAGTGTGCTGAGGAGCAAGGGTTATCTGATTATGTGGAACATCTTGGTCAAGTCTTTGGTGTAGGCTTCGTAGACAGCA
22	148	750	-	GTGGTCCAGCCTGCGTGGCTGCCTGCTCACCCTTCTTGGGTGAGAAGCCTAATTATTGACAAGGTGTGAAGAGCCGCGTGTGCTCAGTGTGCTTCCTCCGGCCCCTGAATGTGGCTAACCTTAACCCTGCAGCCGTTGCCCATAATCCAA
23	248	750	-	GCCCCTGAATGTGGCTAACCTTAACCCTGCAGCCGTTGCCCATAATCCAATGGGTTTGCGGTCGTAATGCGTAAGTGCGGGATGGGACCAACTACTTTGGGTGTCCGTGTTTCCTGTTTTTCTTTTGATTGCATTTTATGGTGACAATTT
25	6077	750	-	ATACTGTGTTATTCAGAAGTGTATTTGGAAATCTTTTCTCTGCTTTCCACAAAAACCCAGGTATAGTCACTGGTTCAGCAGTAGGGTGTGACCCTGAAGTATTCTGGTCAACTATACCTCTCATGCTAGATGGAGAATGTTTAATGGCTT
26	6342	750	-	ACATATATACAAATCTAAGTATTATGAAGTGGAAGGAGGTATGCCATCTGGATGTGCTGGTACTAGTATTTTTAATACAATAATCAACAATATTATCATTAGAACTTTGGTACTAGATGCTTATAAGAACATAGATCTAGATAAACTGAA
28	480	750	-	TGGATCTAGCTTAAATTATTTCAACATCAATTATTTTAAAGACGCAGCTTCAAGTGGTGCTTCTAGATTGGATTTTTCTCAAGACCCTAGTAAATTTACTGATCCTGTTAAAGATGTGTTAGAAAAGGGTATTCCAACACTTCAATCACC
30	2390	750	-	CAAGTAGTGATAAAACTGAACATGATAAAATTGGTAAAGGATTCAAAACATGGAAGGTTAGTCTTCAAGAAATGGCACAAATCAGAAGAAAATATGAATTATTCACATATACAAGATTTGATTCAGAGATAACAATAGTCACTGCAGCCG
31	6075	750	-	TGATACTGTGTTATTCAGAAGTGTATTTGGAAATCTTTTCTCTGCTTTCCACAAAAACCCAGGTATAGTCACTGGTTCAGCAGTAGGGTGTGACCCTGAAGTATTCTGGTCAACTATACCTCTCATGCTAGATGGAGAATGTTTAATGGC
32	6677	750	-	ACTCTTTCCTTATACACCCTACCTTTCCTGTGGCTGAGATTCATGACTCCATCAGATGGACCAAAAACCCTTCATGTATGCAGGAACACGTGCTATCTTTGTGTCATTTAATGTGGCATAATGGTAGACATGCATACCAGGAATTCATTA
33	2378	750	-	TAGAATTTAATACAAGTAGTGATAAAACTGAACATGATAAAATTGGTAAAGGATTCAAAACATGGAAGGTTAGTCTTCAAGAAATGGCACAAATCAGAAGAAAATATGAATTATTCACATATACAAGATTTGATTCAGAGATAACAATAG
34	1933	750	-	GTTAGTGCTAGCCATTTTAGATTCACTACACCTGACACATATTCCTCAGCTGGTTATATTACATGCTGGTACCAGACCAACTTTGTAGTACCTGATAGTACTCCAGATAACGCCAAAATGGTGTGCATGGTTTCTGCATGCAAAGATTTT
36	1508	750	-	TCCACCCGACCAAGGAAATATTTATACCTGGACAAGTTAGGAATTTAATTGAAATGTGCCAAGTTGACACACTCATTCCTGTTAACAATACACAGGAAAATGTAAGATCTGTGAATATGTACACTGTTGATTTACGCACACAAGTTGATT
37	2251	750	-	GAAACCGGACACACCAGCTCTGTTCAACCTGAAGATATGATTGAAACTAGATATGTTATAACTGATCAAACAAGGGATGAAACAAGTATTGAGAGTTTCTTAGGTAGGTCAGGGTGTATCGCTATGATAGAATTTAATACAAGTAGTGAT
41	6088	750	-	TTCAGAAGTGTATTTGGAAATCTTTTCTCTGCTTTCCACAAAAACCCAGGTATAGTCACTGGTTCAGCAGTAGGGTGTGACCCTGAAGTATTCTGGTCAACTATACCTCTCATGCTAGATGGAGAATGTTTAATGGCTTTTGATTATTCA
43	4634	750	-	AGGAAGAAGATAGGAGAAGAAGCAGTGCAGCACAAGCAATGGAGGCTATATTTCAAGGTATAGACCTCCAATCTCCTCCACCTCCAGCCATAGCTGACCTCCTTAGGTCTGTGAAAACACCAGAGATCATTAAGTATTGCCAAGATAATA
44	3759	750	-	GTGTAACGCAGCACGTGGGCTAGAGTGGATTGGACAAAAGATATCTAAATTTATAGATTGGATAAAGAGTATGTTACCACAGGCTCAATTGAAAATTGATTACCTAACCAAATTAAAACAACTTAATCTCTTAGAGAAACAAATAGAAAC
48	625	750	-	TCACCAACAGTTGAAGCTTGTGGTTATTCAGACAGACTAATACAGATAACCCGAGGAGATTCCACTATAACATCCCAAGATACTGCAAATGCAGTTGTTGCTTATGGTGTGTGGCCATCATACTTGACTCCAGATGATGCGACTGCTATT
51	0	750	-	TTCCCCATAATGTAACTTAGAAGTTTGTACAATATGACCAATAGGTGACAATCATCCAGACTGTCAAAGGTCAAGCACTTCTGTTTCCCCGGTCAATGAGGATATGCTTTACCCAAGGCAAAAACCTTAGAGATCGTTATCCCCACACTG
52	4438	750	-	GATCTAGACATTCAAGTTAAGAAAGAGTATCTTTTAGATGGCAAACTAGATATAGCAAAAAGCTTTCGACCATGTGATGTTAATATTAAAATAGGCAATGCTAAGTGCTGTCCATTTATCTGTGGAAAAGCTGTAGAGTTTAAAGATAGA
53	5715	750	-	TAAAGGTAATCCTGCTTGTCAAGTGACCCCACACATGAAAATTGCTGTAGCACATTATGCAGCACAGTTATCTACACTAGACATAAATCCTCAACCCCTTTCATTGGAAGAGAGTGTGTTTGGTATTGAGGGATTAGAAGCTTTGGATTT
54	357	750	-	TTTCCTGTTTTTCTTTTGATTGCATTTTATGGTGACAATTTATAGTGTATAGATTGTCATCATGGGTGCACAAGTATCTAGACAAAATGTTGGGACACACTCCACACAAAATTCAGTGAGCAATGGATCTAGCTTAAATTATTTCAACAT
55	1691	750	-	TTGCCTCACAACCTTTAGCCACTACTCTCATAGGAGAACTTGCAAGCTATTACACACACTGGACTGGTAGTCTGCGCTTTAGCTTTATGTTTTGTGGTTCTGCTAGCTCTACTTTGAAACTATTAATTGCATACACTCCTCCTGGTGTTG
56	1453	750	-	TCTGGGCAATTCTTAACAACTGATGATACTCAATCCCCATCAGCGTTTCCATACTTCCACCCGACCAAGGAAATATTTATACCTGGACAAGTTAGGAATTTAATTGAAATGTGCCAAGTTGACACACTCATTCCTGTTAACAATACACAG
57	3861	750	-	CCTAACCAAATTAAAACAACTTAATCTCTTAGAGAAACAAATAGAAACAATTAGACTTGCACCTGCTAGTGTTCAGGAGAAAATTTTCATTGAAATAAACACCCTTCATGATTTATCCTTAAAATTCTTACCACTGTATGCATCTGAAGC
58	2554	750	-	GATAGTGGACATATAGTATTGCAATTTATGTATGTACCCCCAGGAGCACCTGTCCCCGAAAAACGTGATGATTACACATGGCAATCAGGAACAAATGCATCTGTGTTCTGGCAAGAAGGACAACCATACCCCAGATTCACAATCCCTTTT
62	1113	750	-	TGATAATAAAAGACCTAGTGATGACAGTTGGTTAAATTTTGATGGAACATTACTTGGTAACTTACCTATTTATCCCCACCAATACATTAATCTAAGGACTAACAATTCAGCTACCCTTATTTTACCTTATGTCAATGCTGTACCAATGGA
64	6696	750	-	TACCTTTCCTGTGGCTGAGATTCATGACTCCATCAGATGGACCAAAAACCCTTCATGTATGCAGGAACACGTGCTATCTTTGTGTCATTTAATGTGGCATAATGGTAGACATGCATACCAGGAATTCATTAAAGGTATACGCAGTGTATC
67	3242	750	-	ATTGGTATGAGATTCAAGAATCAGAATATTACCCAAAACATATCCAATATAATCTCCTGATTGGAGAGGGTCCTTGTGAACCAGGAGATTGTGGAGGAAAACTATTGTGTAAACATGGTGTTATAGGTATGATTACAGCTGGAGGTGAAG
68	3313	750	-	CCTTGTGAACCAGGAGATTGTGGAGGAAAACTATTGTGTAAACATGGTGTTATAGGTATGATTACAGCTGGAGGTGAAGGTCACGTTGCTTTTATTGACCTGAGAAAATTCCAGTGTGCTGAGGAGCAAGGGTTATCTGATTATGTGGAA
69	2827	750	-	AACCAAAAACACGATTCAAATATTGTGTGCCGCATTTACCACAAGGCCAAACATATAAAAGCATGGTGTCCTCGCCCACCAAGGGCTGTTGCCTATCAACACACACACTCAACCAATTACATACCATCCAATGGTGAGGCCACAACTCAG
77	649	750	-	TATTCAGACAGACTAATACAGATAACCCGAGGAGATTCCACTATAACATCCCAAGATACTGCAAATGCAGTTGTTGCTTATGGTGTGTGGCCATCATACTTGACTCCAGATGATGCGACTGCTATTGACAAACCCACACAACCTGATACA
79	4222	750	-	GTTATCATGGATGATATCATGCAAAATCCTAGTGGTGAAGACATGACTTTGTTTTGCCAAATGGTATCGAGTGTCCCTTTCATACCTCCTATGGCAGATCTTCCAGATAAAGGAAAACCATTTACATCCAAGTTTGTACTTGCAAGCACT
81	4508	750	-	CATGTGATGTTAATATTAAAATAGGCAATGCTAAGTGCTGTCCATTTATCTGTGGAAAAGCTGTAGAGTTTAAAGATAGAAATTCATGTACAACCTTGTCTTTATCTCAATTGTATAGTCATATAAAGGAAGAAGATAGGAGAAGAAGCA
82	3182	750	-	AATGTACATATTACTGCCACCACAAAGATAGGTATTTTCCTATCAGAGTTACTGCACATGATTGGTATGAGATTCAAGAATCAGAATATTACCCAAAACATATCCAATATAATCTCCTGATTGGAGAGGGTCCTTGTGAACCAGGAGATT
83	4596	750	-	TACAACCTTGTCTTTATCTCAATTGTATAGTCATATAAAGGAAGAAGATAGGAGAAGAAGCAGTGCAGCACAAGCAATGGAGGCTATATTTCAAGGTATAGACCTCCAATCTCCTCCACCTCCAGCCATAGCTGACCTCCTTAGGTCTGT
84	449	750	-	GGACACACTCCACACAAAATTCAGTGAGCAATGGATCTAGCTTAAATTATTTCAACATCAATTATTTTAAAGACGCAGCTTCAAGTGGTGCTTCTAGATTGGATTTTTCTCAAGACCCTAGTAAATTTACTGATCCTGTTAAAGATGTGT
86	189	750	-	GAGAAGCCTAATTATTGACAAGGTGTGAAGAGCCGCGTGTGCTCAGTGTGCTTCCTCCGGCCCCTGAATGTGGCTAACCTTAACCCTGCAGCCGTTGCCCATAATCCAATGGGTTTGCGGTCGTAATGCGTAAGTGCGGGATGGGACCAA
88	479	750	-	ATGGATCTAGCTTAAATTATTTCAACATCAATTATTTTAAAGACGCAGCTTCAAGTGGTGCTTCTAGATTGGATTTTTCTCAAGACCCTAGTAAATTTACTGATCCTGTTAAAGATGTGTTAGAAAAGGGTATTCCAACACTTCAATCAC
92	4078	750	-	GTTGCAGTTCTAATACATGGTTCTCCTGGTACTGGAAAATCTCTTGCCACTTCTGTTCTTGCTCGAATGCTAACTGTTGAGACTGATATATATTCTTTGCCCCCAGATCCTAAATATTTTGATGGGTATGATCAACAGAGTGTTGTTATC
94	5984	750	-	TGCCTATGGTTACTTTTCTGAAAGATGAACTTAGAAAGAAGGAAAAAATAAAAGATGGAAAGACTAGAGTCATAGAAGCTAATAGTGTGAATGATACTGTGTTATTCAGAAGTGTATTTGGAAATCTTTTCTCTGCTTTCCACAAAAACC
95	6251	750	-	GCCTACATCCCGTTTGGTTTAAATGTCTTAGTATGCTCTTAGAAGACATAGGTTTCTCCTCTCAACTTATTAACCAGATCTGTAACTCTAAACATATATACAAATCTAAGTATTATGAAGTGGAAGGAGGTATGCCATCTGGATGTGCTG
97	2043	750	-	CGCCAAAATGGTGTGCATGGTTTCTGCATGCAAAGATTTTTGCTTAAGATTAGCCAGAGATACTAACCTACACACACAAGAAGGAGTACTCACACAAAACCCAGTTGAAAATTATATAGATAGTGTATTAAATGAAGTTCTTGTGGTGCC
100	4549	750	-	CCATTTATCTGTGGAAAAGCTGTAGAGTTTAAAGATAGAAATTCATGTACAACCTTGTCTTTATCTCAATTGTATAGTCATATAAAGGAAGAAGATAGGAGAAGAAGCAGTGCAGCACAAGCAATGGAGGCTATATTTCAAGGTATAGAC
102	4065	750	-	GAGGAATGAACCAGTTGCAGTTCTAATACATGGTTCTCCTGGTACTGGAAAATCTCTTGCCACTTCTGTTCTTGCTCGAATGCTAACTGTTGAGACTGATATATATTCTTTGCCCCCAGATCCTAAATATTTTGATGGGTATGATCAACA
103	3941	750	-	AAATTTTCATTGAAATAAACACCCTTCATGATTTATCCTTAAAATTCTTACCACTGTATGCATCTGAAGCACGTAGAATTAAGAATTTATATATCAAATGCAGTAATGTTATTAAAGGGGGAAAGAGGAATGAACCAGTTGCAGTTCTAA
106	4378	750	-	ACTCTACTAACACCACCAACAGTATCTTCATTACCAGCAATGGCAAGAAGGTTTTACTTTGATCTAGACATTCAAGTTAAGAAAGAGTATCTTTTAGATGGCAAACTAGATATAGCAAAAAGCTTTCGACCATGTGATGTTAATATTAAA
107	3250	750	-	GAGATTCAAGAATCAGAATATTACCCAAAACATATCCAATATAATCTCCTGATTGGAGAGGGTCCTTGTGAACCAGGAGATTGTGGAGGAAAACTATTGTGTAAACATGGTGTTATAGGTATGATTACAGCTGGAGGTGAAGGTCACGTT
109	1740	750	-	TTACACACACTGGACTGGTAGTCTGCGCTTTAGCTTTATGTTTTGTGGTTCTGCTAGCTCTACTTTGAAACTATTAATTGCATACACTCCTCCTGGTGTTGGAAAACCTAAATCCAGGAGAGAAGCCATGCTTGGTACACATTTAGTGTG
111	2144	750	-	CAGTTGAAAATTATATAGATAGTGTATTAAATGAAGTTCTTGTGGTGCCAAATATCCAACCTAGCACATCTGTGTCAAGTCATGCAGCGCCTGCATTGGATGCTGCGGAAACCGGACACACCAGCTCTGTTCAACCTGAAGATATGATTG
112	5545	750	-	GAACTTCCTGTATCTGTAAAGAACTTACCATCCGTACATGTTTCATCTAAAACCCGACTACAACCTAGTGTTTTTCATGATGTTTTCCCTGGAACAAAAGAGCCTGCAGTTCTTAGTAGTAATGATCCAAGACTAGAAACTGACTTTGAC
114	6781	750	-	CATTTAATGTGGCATAATGGTAGACATGCATACCAGGAATTCATTAAAGGTATACGCAGTGTATCTGCCGGTCGGGCACTGTATATACCAGCTTATGAAGTTCTTGAACATGAATGGTATGAAAAATTTTAGATATAAAACTGTTAAATA
116	664	750	-	ATACAGATAACCCGAGGAGATTCCACTATAACATCCCAAGATACTGCAAATGCAGTTGTTGCTTATGGTGTGTGGCCATCATACTTGACTCCAGATGATGCGACTGCTATTGACAAACCCACACAACCTGATACATCATCCAACAGATTC
117	3258	750	-	AGAATCAGAATATTACCCAAAACATATCCAATATAATCTCCTGATTGGAGAGGGTCCTTGTGAACCAGGAGATTGTGGAGGAAAACTATTGTGTAAACATGGTGTTATAGGTATGATTACAGCTGGAGGTGAAGGTCACGTTGCTTTTAT
118	6496	750	-	TTAGCATATGGGGATGATGTCATCTTTTCTTATAATTTTAAACTTGACATGGCAGTTCTTGCCAAAGAAGGAGAAAAATATGGACTAACAATCACCCCTGCTGATAAGTCTGATGTTTTCCAAGAATTGACCTATAAAAATGTAACTTTT
119	1884	750	-	AGTGTGGGATGTGGGGTTGCAGTCCACCGCCTCACTAGTTGTACCATGGGTTAGTGCTAGCCATTTTAGATTCACTACACCTGACACATATTCCTCAGCTGGTTATATTACATGCTGGTACCAGACCAACTTTGTAGTACCTGATAGTAC
120	6578	750	-	GACTAACAATCACCCCTGCTGATAAGTCTGATGTTTTCCAAGAATTGACCTATAAAAATGTAACTTTTCTTAAAAGAGGATTCAGAGCTGATGAGCGCCACTCTTTCCTTATACACCCTACCTTTCCTGTGGCTGAGATTCATGACTCCA
121	1578	750	-	ACTCATTCCTGTTAACAATACACAGGAAAATGTAAGATCTGTGAATATGTACACTGTTGATTTACGCACACAAGTTGATTTAGCTAAAGAAGTCTTTTCTATACCAGTAGATATTGCCTCACAACCTTTAGCCACTACTCTCATAGGAGA
123	2874	750	-	CAAACATATAAAAGCATGGTGTCCTCGCCCACCAAGGGCTGTTGCCTATCAACACACACACTCAACCAATTACATACCATCCAATGGTGAGGCCACAACTCAGATTAAAACCAGACCTGATGTTTTTACCGTTACAAACGTCGGACCATC
125	2632	750	-	TGGCAATCAGGAACAAATGCATCTGTGTTCTGGCAAGAAGGACAACCATACCCCAGATTCACAATCCCTTTTATGAGCATTGCATCAGCCTATTACATGTTTTATGATGGTTATGATGGTGATAGTGCAGCATCAAAATACGGTTCTGTA
126	2900	750	-	GCCCACCAAGGGCTGTTGCCTATCAACACACACACTCAACCAATTACATACCATCCAATGGTGAGGCCACAACTCAGATTAAAACCAGACCTGATGTTTTTACCGTTACAAACGTCGGACCATCTAGTATGTTTGTACATGTGGGTAACT
127	5960	750	-	CAATTGATGAATATGGTATTGATTTGCCTATGGTTACTTTTCTGAAAGATGAACTTAGAAAGAAGGAAAAAATAAAAGATGGAAAGACTAGAGTCATAGAAGCTAATAGTGTGAATGATACTGTGTTATTCAGAAGTGTATTTGGAAATC
128	1602	750	-	GGAAAATGTAAGATCTGTGAATATGTACACTGTTGATTTACGCACACAAGTTGATTTAGCTAAAGAAGTCTTTTCTATACCAGTAGATATTGCCTCACAACCTTTAGCCACTACTCTCATAGGAGAACTTGCAAGCTATTACACACACTG
130	2847	750	-	TATTGTGTGCCGCATTTACCACAAGGCCAAACATATAAAAGCATGGTGTCCTCGCCCACCAAGGGCTGTTGCCTATCAACACACACACTCAACCAATTACATACCATCCAATGGTGAGGCCACAACTCAGATTAAAACCAGACCTGATGT
137	5750	750	-	TGAAAATTGCTGTAGCACATTATGCAGCACAGTTATCTACACTAGACATAAATCCTCAACCCCTTTCATTGGAAGAGAGTGTGTTTGGTATTGAGGGATTAGAAGCTTTGGATTTAAATACTAGTGCAGGATTTCCTTATGTTTCACTGG
142	1348	750	-	CCTATAACAGTATCAATTAGCCCTATGTTTTCAGAATTTTCAGGGCCAAGAAGTAAGGTTGTGTTTAGTACCACTCAGGGTTTACCAGTTATGTTAACACCTGGATCTGGGCAATTCTTAACAACTGATGATACTCAATCCCCATCAGCG
145	6441	750	-	TAGAACTTTGGTACTAGATGCTTATAAGAACATAGATCTAGATAAACTGAAAATCTTAGCATATGGGGATGATGTCATCTTTTCTTATAATTTTAAACTTGACATGGCAGTTCTTGCCAAAGAAGGAGAAAAATATGGACTAACAATCAC
147	4081	750	-	GCAGTTCTAATACATGGTTCTCCTGGTACTGGAAAATCTCTTGCCACTTCTGTTCTTGCTCGAATGCTAACTGTTGAGACTGATATATATTCTTTGCCCCCAGATCCTAAATATTTTGATGGGTATGATCAACAGAGTGTTGTTATCATG
148	4022	750	-	AGAATTTATATATCAAATGCAGTAATGTTATTAAAGGGGGAAAGAGGAATGAACCAGTTGCAGTTCTAATACATGGTTCTCCTGGTACTGGAAAATCTCTTGCCACTTCTGTTCTTGCTCGAATGCTAACTGTTGAGACTGATATATATT
151	1452	750	-	ATCTGGGCAATTCTTAACAACTGATGATACTCAATCCCCATCAGCGTTTCCATACTTCCACCCGACCAAGGAAATATTTATACCTGGACAAGTTAGGAATTTAATTGAAATGTGCCAAGTTGACACACTCATTCCTGTTAACAATACACA
152	5536	750	-	ATCACTAAAGAACTTCCTGTATCTGTAAAGAACTTACCATCCGTACATGTTTCATCTAAAACCCGACTACAACCTAGTGTTTTTCATGATGTTTTCCCTGGAACAAAAGAGCCTGCAGTTCTTAGTAGTAATGATCCAAGACTAGAAACT
153	2164	750	-	AGTGTATTAAATGAAGTTCTTGTGGTGCCAAATATCCAACCTAGCACATCTGTGTCAAGTCATGCAGCGCCTGCATTGGATGCTGCGGAAACCGGACACACCAGCTCTGTTCAACCTGAAGATATGATTGAAACTAGATATGTTATAACT
154	5180	750	-	GTGTTAAGCTAGAGATCACAGTTGTGAAATTAATTAGAAATGAGAAGTTTAAAGACATCAGAAAATATTTACCCTCACGTGAAGATGACTATCCTGCTTGTAACCTTGCCTTACTAGCTAATCAAGATGAGCCAACAATAATAAGTGTTG
155	1341	750	-	ATCCATACCTATAACAGTATCAATTAGCCCTATGTTTTCAGAATTTTCAGGGCCAAGAAGTAAGGTTGTGTTTAGTACCACTCAGGGTTTACCAGTTATGTTAACACCTGGATCTGGGCAATTCTTAACAACTGATGATACTCAATCCCC
159	1549	750	-	AATTTAATTGAAATGTGCCAAGTTGACACACTCATTCCTGTTAACAATACACAGGAAAATGTAAGATCTGTGAATATGTACACTGTTGATTTACGCACACAAGTTGATTTAGCTAAAGAAGTCTTTTCTATACCAGTAGATATTGCCTCA
160	4989	750	-	GGAAGAGTTTGGTCGCTCACTACTCAAACATAATTGCTGTGTTGTGACAACCGACAAAGGCAAATTCACAGGTCTTGGCATATATGACCAAGTCATGGTACTTCCAACACATTCTGACCCAGGCTCTGAGATCTTGGTAGATGGAGTAAA
164	5954	750	-	GGAAAGCAATTGATGAATATGGTATTGATTTGCCTATGGTTACTTTTCTGAAAGATGAACTTAGAAAGAAGGAAAAAATAAAAGATGGAAAGACTAGAGTCATAGAAGCTAATAGTGTGAATGATACTGTGTTATTCAGAAGTGTATTTG
166	1235	750	-	TACCTTATGTCAATGCTGTACCAATGGACTCTATGCTTAGACATAATAATTGGAGCTTGGTTATAATCCCAATATGCCCTCTTCAGGTCCAACCTGGGGGGACACAATCCATACCTATAACAGTATCAATTAGCCCTATGTTTTCAGAAT
167	6524	750	-	CTTATAATTTTAAACTTGACATGGCAGTTCTTGCCAAAGAAGGAGAAAAATATGGACTAACAATCACCCCTGCTGATAAGTCTGATGTTTTCCAAGAATTGACCTATAAAAATGTAACTTTTCTTAAAAGAGGATTCAGAGCTGATGAGC
168	2098	750	-	AGAGATACTAACCTACACACACAAGAAGGAGTACTCACACAAAACCCAGTTGAAAATTATATAGATAGTGTATTAAATGAAGTTCTTGTGGTGCCAAATATCCAACCTAGCACATCTGTGTCAAGTCATGCAGCGCCTGCATTGGATGCT
169	2569	750	-	GTATTGCAATTTATGTATGTACCCCCAGGAGCACCTGTCCCCGAAAAACGTGATGATTACACATGGCAATCAGGAACAAATGCATCTGTGTTCTGGCAAGAAGGACAACCATACCCCAGATTCACAATCCCTTTTATGAGCATTGCATCA
171	5200	750	-	GTTGTGAAATTAATTAGAAATGAGAAGTTTAAAGACATCAGAAAATATTTACCCTCACGTGAAGATGACTATCCTGCTTGTAACCTTGCCTTACTAGCTAATCAAGATGAGCCAACAATAATAAGTGTTGGTGATGCAGTATCTTATGGT
172	361	750	-	CTGTTTTTCTTTTGATTGCATTTTATGGTGACAATTTATAGTGTATAGATTGTCATCATGGGTGCACAAGTATCTAGACAAAATGTTGGGACACACTCCACACAAAATTCAGTGAGCAATGGATCTAGCTTAAATTATTTCAACATCAAT
174	3623	750	-	CTGTAATTGCCACTCTCACCCTTCTAGGTTGTTCAGGCTCACCATGGAGGTTTCTTAAAGAGAAACTCTGTGCGTGGCTCCAGCTTAGCTATGTACATAAGCAGTCTGATTCATGGCTCAAGAAATTTACTGAAGCGTGTAACGCAGCAC
175	851	750	-	CTGGATGGTGGTGGAAATTGCCTGATGCCCTTAAAAACATGGGTATATTTGGTGAAAATATGTTTTACCATTTTCTAGGGAGATCTGGATACACAATACATGTACAATGTAATTCTAGCAAGTTTCATCAGGGTTTATTAATAGTTGCCG
178	1405	750	-	GTTGTGTTTAGTACCACTCAGGGTTTACCAGTTATGTTAACACCTGGATCTGGGCAATTCTTAACAACTGATGATACTCAATCCCCATCAGCGTTTCCATACTTCCACCCGACCAAGGAAATATTTATACCTGGACAAGTTAGGAATTTA
182	2611	750	-	GAAAAACGTGATGATTACACATGGCAATCAGGAACAAATGCATCTGTGTTCTGGCAAGAAGGACAACCATACCCCAGATTCACAATCCCTTTTATGAGCATTGCATCAGCCTATTACATGTTTTATGATGGTTATGATGGTGATAGTGCA
183	2571	750	-	ATTGCAATTTATGTATGTACCCCCAGGAGCACCTGTCCCCGAAAAACGTGATGATTACACATGGCAATCAGGAACAAATGCATCTGTGTTCTGGCAAGAAGGACAACCATACCCCAGATTCACAATCCCTTTTATGAGCATTGCATCAGC
184	1187	750	-	CCCACCAATACATTAATCTAAGGACTAACAATTCAGCTACCCTTATTTTACCTTATGTCAATGCTGTACCAATGGACTCTATGCTTAGACATAATAATTGGAGCTTGGTTATAATCCCAATATGCCCTCTTCAGGTCCAACCTGGGGGGA
187	2308	750	-	ATAACTGATCAAACAAGGGATGAAACAAGTATTGAGAGTTTCTTAGGTAGGTCAGGGTGTATCGCTATGATAGAATTTAATACAAGTAGTGATAAAACTGAACATGATAAAATTGGTAAAGGATTCAAAACATGGAAGGTTAGTCTTCAA
188	5624	750	-	ATGTTTTCCCTGGAACAAAAGAGCCTGCAGTTCTTAGTAGTAATGATCCAAGACTAGAAACTGACTTTGACTCAGCACTTTTCTCCAAATATAAAGGTAATCCTGCTTGTCAAGTGACCCCACACATGAAAATTGCTGTAGCACATTATG
191	4010	750	-	CACGTAGAATTAAGAATTTATATATCAAATGCAGTAATGTTATTAAAGGGGGAAAGAGGAATGAACCAGTTGCAGTTCTAATACATGGTTCTCCTGGTACTGGAAAATCTCTTGCCACTTCTGTTCTTGCTCGAATGCTAACTGTTGAGA
193	0	750	-	TCTGTTTCCCCGGTCAATGAGGATATGCTTTACCCAAGGCAAAAACCTTAGAGATCGTTATCCCCACACTGCCTACACAGAGCCCAGTACCATTTTTGATATAATTGGGTTGGTCGCTCCCTGCAAACCCAGCAGTAGACCTGGCAGATG
194	4063	750	-	AAGAGGAATGAACCAGTTGCAGTTCTAATACATGGTTCTCCTGGTACTGGAAAATCTCTTGCCACTTCTGTTCTTGCTCGAATGCTAACTGTTGAGACTGATATATATTCTTTGCCCCCAGATCCTAAATATTTTGATGGGTATGATCAA
201	392	750	-	CAATTTATAGTGTATAGATTGTCATCATGGGTGCACAAGTATCTAGACAAAATGTTGGGACACACTCCACACAAAATTCAGTGAGCAATGGATCTAGCTTAAATTATTTCAACATCAATTATTTTAAAGACGCAGCTTCAAGTGGTGCTT
202	5076	750	-	CCAAGTCATGGTACTTCCAACACATTCTGACCCAGGCTCTGAGATCTTGGTAGATGGAGTAAAAGTTAAGGTCTCTGATTCCTATGATTTGCATAACCATGAGGGTGTTAAGCTAGAGATCACAGTTGTGAAATTAATTAGAAATGAGAA
203	3352	750	-	AAACATGGTGTTATAGGTATGATTACAGCTGGAGGTGAAGGTCACGTTGCTTTTATTGACCTGAGAAAATTCCAGTGTGCTGAGGAGCAAGGGTTATCTGATTATGTGGAACATCTTGGTCAAGTCTTTGGTGTAGGCTTCGTAGACAGC
205	4591	750	-	TCATGTACAACCTTGTCTTTATCTCAATTGTATAGTCATATAAAGGAAGAAGATAGGAGAAGAAGCAGTGCAGCACAAGCAATGGAGGCTATATTTCAAGGTATAGACCTCCAATCTCCTCCACCTCCAGCCATAGCTGACCTCCTTAGG
206	2657	750	-	TGTTCTGGCAAGAAGGACAACCATACCCCAGATTCACAATCCCTTTTATGAGCATTGCATCAGCCTATTACATGTTTTATGATGGTTATGATGGTGATAGTGCAGCATCAAAATACGGTTCTGTAGTCACTAATGATATGGGAACCATAT
207	5628	750	-	TTTCCCTGGAACAAAAGAGCCTGCAGTTCTTAGTAGTAATGATCCAAGACTAGAAACTGACTTTGACTCAGCACTTTTCTCCAAATATAAAGGTAATCCTGCTTGTCAAGTGACCCCACACATGAAAATTGCTGTAGCACATTATGCAGC
209	18	750	-	CTTAGAGATCGTTATCCCCACACTGCCTACACAGAGCCCAGTACCATTTTTGATATAATTGGGTTGGTCGCTCCCTGCAAACCCAGCAGTAGACCTGGCAGATGAGGCTGGACATTCCCCACTGGCGACAGTGGTCCAGCCTGCGTGGCT
211	1414	750	-	AGTACCACTCAGGGTTTACCAGTTATGTTAACACCTGGATCTGGGCAATTCTTAACAACTGATGATACTCAATCCCCATCAGCGTTTCCATACTTCCACCCGACCAAGGAAATATTTATACCTGGACAAGTTAGGAATTTAATTGAAATG
212	541	750	-	TCTAGATTGGATTTTTCTCAAGACCCTAGTAAATTTACTGATCCTGTTAAAGATGTGTTAGAAAAGGGTATTCCAACACTTCAATCACCAACAGTTGAAGCTTGTGGTTATTCAGACAGACTAATACAGATAACCCGAGGAGATTCCACT
215	5442	750	-	TGGCTCTATTCTTGGTATACATGTTGGTGGCAATGGTAGAGATGGATTTTCTGCAATGCTTCTCAAATCTTATTTTGGTGAAACCCAGGGTTTAATCACTAAAGAACTTCCTGTATCTGTAAAGAACTTACCATCCGTACATGTTTCATC
216	3609	750	-	TTCTGATCCACAAACTGTAATTGCCACTCTCACCCTTCTAGGTTGTTCAGGCTCACCATGGAGGTTTCTTAAAGAGAAACTCTGTGCGTGGCTCCAGCTTAGCTATGTACATAAGCAGTCTGATTCATGGCTCAAGAAATTTACTGAAGC
217	1016	750	-	AATTGGCATCTGCAACAAGTGGAAATGTATCAGTCGGGTACAATCACACCCACCCAGGTGAGCAAGGTAGAGAAGTAGTACCATCACGGACATCTAGTGATAATAAAAGACCTAGTGATGACAGTTGGTTAAATTTTGATGGAACATTAC
218	5161	750	-	GATTTGCATAACCATGAGGGTGTTAAGCTAGAGATCACAGTTGTGAAATTAATTAGAAATGAGAAGTTTAAAGACATCAGAAAATATTTACCCTCACGTGAAGATGACTATCCTGCTTGTAACCTTGCCTTACTAGCTAATCAAGATGAG
220	0	750	-	AATGTAACTTAGAAGTTTGTACAATATGACCAATAGGTGACAATCATCCAGACTGTCAAAGGTCAAGCACTTCTGTTTCCCCGGTCAATGAGGATATGCTTTACCCAAGGCAAAAACCTTAGAGATCGTTATCCCCACACTGCCTACACA
221	3277	750	-	AAACATATCCAATATAATCTCCTGATTGGAGAGGGTCCTTGTGAACCAGGAGATTGTGGAGGAAAACTATTGTGTAAACATGGTGTTATAGGTATGATTACAGCTGGAGGTGAAGGTCACGTTGCTTTTATTGACCTGAGAAAATTCCAG
222	6091	750	-	AGAAGTGTATTTGGAAATCTTTTCTCTGCTTTCCACAAAAACCCAGGTATAGTCACTGGTTCAGCAGTAGGGTGTGACCCTGAAGTATTCTGGTCAACTATACCTCTCATGCTAGATGGAGAATGTTTAATGGCTTTTGATTATTCAAAC
224	4273	750	-	TTTTGCCAAATGGTATCGAGTGTCCCTTTCATACCTCCTATGGCAGATCTTCCAGATAAAGGAAAACCATTTACATCCAAGTTTGTACTTGCAAGCACTAATCACACTCTACTAACACCACCAACAGTATCTTCATTACCAGCAATGGCA
225	4307	750	-	CTCCTATGGCAGATCTTCCAGATAAAGGAAAACCATTTACATCCAAGTTTGTACTTGCAAGCACTAATCACACTCTACTAACACCACCAACAGTATCTTCATTACCAGCAATGGCAAGAAGGTTTTACTTTGATCTAGACATTCAAGTTA
227	2841	750	-	TTCAAATATTGTGTGCCGCATTTACCACAAGGCCAAACATATAAAAGCATGGTGTCCTCGCCCACCAAGGGCTGTTGCCTATCAACACACACACTCAACCAATTACATACCATCCAATGGTGAGGCCACAACTCAGATTAAAACCAGACC
230	2862	750	-	TTACCACAAGGCCAAACATATAAAAGCATGGTGTCCTCGCCCACCAAGGGCTGTTGCCTATCAACACACACACTCAACCAATTACATACCATCCAATGGTGAGGCCACAACTCAGATTAAAACCAGACCTGATGTTTTTACCGTTACAAA
232	5920	750	-	ATAGATAAAAAGACCAAAGACATCACAAAACTTAGGAAAGCAATTGATGAATATGGTATTGATTTGCCTATGGTTACTTTTCTGAAAGATGAACTTAGAAAGAAGGAAAAAATAAAAGATGGAAAGACTAGAGTCATAGAAGCTAATAGT
233	2447	750	-	TTAGTCTTCAAGAAATGGCACAAATCAGAAGAAAATATGAATTATTCACATATACAAGATTTGATTCAGAGATAACAATAGTCACTGCAGCCGCAGCTCAAGGAAATGATAGTGGACATATAGTATTGCAATTTATGTATGTACCCCCAG
235	4890	750	-	AATTTATAAATTGTTCTGTACACTTCAGGGTCCATACTCAGGGGAACCTAAACCCAAAAGCAGAGCTCCAGAGAGAAGAGTAGTTACTCAGGGCCCAGAGGAAGAGTTTGGTCGCTCACTACTCAAACATAATTGCTGTGTTGTGACAAC
236	1511	750	-	ACCCGACCAAGGAAATATTTATACCTGGACAAGTTAGGAATTTAATTGAAATGTGCCAAGTTGACACACTCATTCCTGTTAACAATACACAGGAAAATGTAAGATCTGTGAATATGTACACTGTTGATTTACGCACACAAGTTGATTTAG
237	5082	750	-	CATGGTACTTCCAACACATTCTGACCCAGGCTCTGAGATCTTGGTAGATGGAGTAAAAGTTAAGGTCTCTGATTCCTATGATTTGCATAACCATGAGGGTGTTAAGCTAGAGATCACAGTTGTGAAATTAATTAGAAATGAGAAGTTTAA
238	4566	750	-	AGCTGTAGAGTTTAAAGATAGAAATTCATGTACAACCTTGTCTTTATCTCAATTGTATAGTCATATAAAGGAAGAAGATAGGAGAAGAAGCAGTGCAGCACAAGCAATGGAGGCTATATTTCAAGGTATAGACCTCCAATCTCCTCCACC
239	1653	750	-	TGATTTAGCTAAAGAAGTCTTTTCTATACCAGTAGATATTGCCTCACAACCTTTAGCCACTACTCTCATAGGAGAACTTGCAAGCTATTACACACACTGGACTGGTAGTCTGCGCTTTAGCTTTATGTTTTGTGGTTCTGCTAGCTCTAC
240	4806	750	-	TTCTATTGAAAGAGATTTAGGGATAGCAAATATGACTATAGGTATAATAGCTAATGTGGTCTCTATAGTAGGTGTTATCTATATAATTTATAAATTGTTCTGTACACTTCAGGGTCCATACTCAGGGGAACCTAAACCCAAAAGCAGAGC
241	5972	750	-	ATGGTATTGATTTGCCTATGGTTACTTTTCTGAAAGATGAACTTAGAAAGAAGGAAAAAATAAAAGATGGAAAGACTAGAGTCATAGAAGCTAATAGTGTGAATGATACTGTGTTATTCAGAAGTGTATTTGGAAATCTTTTCTCTGCTT
245	6535	750	-	AAACTTGACATGGCAGTTCTTGCCAAAGAAGGAGAAAAATATGGACTAACAATCACCCCTGCTGATAAGTCTGATGTTTTCCAAGAATTGACCTATAAAAATGTAACTTTTCTTAAAAGAGGATTCAGAGCTGATGAGCGCCACTCTTTC
251	4589	750	-	ATTCATGTACAACCTTGTCTTTATCTCAATTGTATAGTCATATAAAGGAAGAAGATAGGAGAAGAAGCAGTGCAGCACAAGCAATGGAGGCTATATTTCAAGGTATAGACCTCCAATCTCCTCCACCTCCAGCCATAGCTGACCTCCTTA
252	3705	750	-	GCTTAGCTATGTACATAAGCAGTCTGATTCATGGCTCAAGAAATTTACTGAAGCGTGTAACGCAGCACGTGGGCTAGAGTGGATTGGACAAAAGATATCTAAATTTATAGATTGGATAAAGAGTATGTTACCACAGGCTCAATTGAAAAT
253	173	750	-	CTCACCCTTCTTGGGTGAGAAGCCTAATTATTGACAAGGTGTGAAGAGCCGCGTGTGCTCAGTGTGCTTCCTCCGGCCCCTGAATGTGGCTAACCTTAACCCTGCAGCCGTTGCCCATAATCCAATGGGTTTGCGGTCGTAATGCGTAAG
255	3684	750	-	GAAACTCTGTGCGTGGCTCCAGCTTAGCTATGTACATAAGCAGTCTGATTCATGGCTCAAGAAATTTACTGAAGCGTGTAACGCAGCACGTGGGCTAGAGTGGATTGGACAAAAGATATCTAAATTTATAGATTGGATAAAGAGTATGTT
256	6188	750	-	CTATACCTCTCATGCTAGATGGAGAATGTTTAATGGCTTTTGATTATTCAAACTATGATGGTAGCCTACATCCCGTTTGGTTTAAATGTCTTAGTATGCTCTTAGAAGACATAGGTTTCTCCTCTCAACTTATTAACCAGATCTGTAACT
258	4980	750	-	GGGCCCAGAGGAAGAGTTTGGTCGCTCACTACTCAAACATAATTGCTGTGTTGTGACAACCGACAAAGGCAAATTCACAGGTCTTGGCATATATGACCAAGTCATGGTACTTCCAACACATTCTGACCCAGGCTCTGAGATCTTGGTAGA
260	4676	750	-	AGGCTATATTTCAAGGTATAGACCTCCAATCTCCTCCACCTCCAGCCATAGCTGACCTCCTTAGGTCTGTGAAAACACCAGAGATCATTAAGTATTGCCAAGATAATAATTGGATTGTTCCAGCAGAGTGTTCTATTGAAAGAGATTTAG
262	168	750	-	GCCTGCTCACCCTTCTTGGGTGAGAAGCCTAATTATTGACAAGGTGTGAAGAGCCGCGTGTGCTCAGTGTGCTTCCTCCGGCCCCTGAATGTGGCTAACCTTAACCCTGCAGCCGTTGCCCATAATCCAATGGGTTTGCGGTCGTAATGC
265	6441	750	-	TAGAACTTTGGTACTAGATGCTTATAAGAACATAGATCTAGATAAACTGAAAATCTTAGCATATGGGGATGATGTCATCTTTTCTTATAATTTTAAACTTGACATGGCAGTTCTTGCCAAAGAAGGAGAAAAATATGGACTAACAATCAC
267	4105	750	-	GGTACTGGAAAATCTCTTGCCACTTCTGTTCTTGCTCGAATGCTAACTGTTGAGACTGATATATATTCTTTGCCCCCAGATCCTAAATATTTTGATGGGTATGATCAACAGAGTGTTGTTATCATGGATGATATCATGCAAAATCCTAGT
269	1884	750	-	AGTGTGGGATGTGGGGTTGCAGTCCACCGCCTCACTAGTTGTACCATGGGTTAGTGCTAGCCATTTTAGATTCACTACACCTGACACATATTCCTCAGCTGGTTATATTACATGCTGGTACCAGACCAACTTTGTAGTACCTGATAGTAC
270	5813	750	-	TTTCATTGGAAGAGAGTGTGTTTGGTATTGAGGGATTAGAAGCTTTGGATTTAAATACTAGTGCAGGATTTCCTTATGTTTCACTGGGAATAAAGAAGAAAGATCTTATAGATAAAAAGACCAAAGACATCACAAAACTTAGGAAAGCAA
271	4564	750	-	AAAGCTGTAGAGTTTAAAGATAGAAATTCATGTACAACCTTGTCTTTATCTCAATTGTATAGTCATATAAAGGAAGAAGATAGGAGAAGAAGCAGTGCAGCACAAGCAATGGAGGCTATATTTCAAGGTATAGACCTCCAATCTCCTCCA
273	3919	750	-	GCACCTGCTAGTGTTCAGGAGAAAATTTTCATTGAAATAAACACCCTTCATGATTTATCCTTAAAATTCTTACCACTGTATGCATCTGAAGCACGTAGAATTAAGAATTTATATATCAAATGCAGTAATGTTATTAAAGGGGGAAAGAGG
275	3008	750	-	CAAACGTCGGACCATCTAGTATGTTTGTACATGTGGGTAACTTAATCTATAGAAATCTTCATCTCTTTAATTCTGATCTTGATGATTCTATTCTTGTATCATACTCCAGTGATCTAATCATATATCGAACAAACACTGAAGGTAATGATG
279	1924	750	-	GTACCATGGGTTAGTGCTAGCCATTTTAGATTCACTACACCTGACACATATTCCTCAGCTGGTTATATTACATGCTGGTACCAGACCAACTTTGTAGTACCTGATAGTACTCCAGATAACGCCAAAATGGTGTGCATGGTTTCTGCATGC
281	3864	750	-	AACCAAATTAAAACAACTTAATCTCTTAGAGAAACAAATAGAAACAATTAGACTTGCACCTGCTAGTGTTCAGGAGAAAATTTTCATTGAAATAAACACCCTTCATGATTTATCCTTAAAATTCTTACCACTGTATGCATCTGAAGCACG
282	6296	750	-	ACATAGGTTTCTCCTCTCAACTTATTAACCAGATCTGTAACTCTAAACATATATACAAATCTAAGTATTATGAAGTGGAAGGAGGTATGCCATCTGGATGTGCTGGTACTAGTATTTTTAATACAATAATCAACAATATTATCATTAGAA
284	6665	750	-	CTGATGAGCGCCACTCTTTCCTTATACACCCTACCTTTCCTGTGGCTGAGATTCATGACTCCATCAGATGGACCAAAAACCCTTCATGTATGCAGGAACACGTGCTATCTTTGTGTCATTTAATGTGGCATAATGGTAGACATGCATACC
285	6300	750	-	AGGTTTCTCCTCTCAACTTATTAACCAGATCTGTAACTCTAAACATATATACAAATCTAAGTATTATGAAGTGGAAGGAGGTATGCCATCTGGATGTGCTGGTACTAGTATTTTTAATACAATAATCAACAATATTATCATTAGAACTTT
287	3962	750	-	CCCTTCATGATTTATCCTTAAAATTCTTACCACTGTATGCATCTGAAGCACGTAGAATTAAGAATTTATATATCAAATGCAGTAATGTTATTAAAGGGGGAAAGAGGAATGAACCAGTTGCAGTTCTAATACATGGTTCTCCTGGTACTG
288	5544	750	-	AGAACTTCCTGTATCTGTAAAGAACTTACCATCCGTACATGTTTCATCTAAAACCCGACTACAACCTAGTGTTTTTCATGATGTTTTCCCTGGAACAAAAGAGCCTGCAGTTCTTAGTAGTAATGATCCAAGACTAGAAACTGACTTTGA
289	146	750	-	CAGTGGTCCAGCCTGCGTGGCTGCCTGCTCACCCTTCTTGGGTGAGAAGCCTAATTATTGACAAGGTGTGAAGAGCCGCGTGTGCTCAGTGTGCTTCCTCCGGCCCCTGAATGTGGCTAACCTTAACCCTGCAGCCGTTGCCCATAATCC
291	817	750	-	ACCTTGGACAGTCGTTCTTGGACATCTGCCTCATCTGGATGGTGGTGGAAATTGCCTGATGCCCTTAAAAACATGGGTATATTTGGTGAAAATATGTTTTACCATTTTCTAGGGAGATCTGGATACACAATACATGTACAATGTAATTCT
293	6083	750	-	TGTTATTCAGAAGTGTATTTGGAAATCTTTTCTCTGCTTTCCACAAAAACCCAGGTATAGTCACTGGTTCAGCAGTAGGGTGTGACCCTGAAGTATTCTGGTCAACTATACCTCTCATGCTAGATGGAGAATGTTTAATGGCTTTTGATT
294	3997	750	-	TATGCATCTGAAGCACGTAGAATTAAGAATTTATATATCAAATGCAGTAATGTTATTAAAGGGGGAAAGAGGAATGAACCAGTTGCAGTTCTAATACATGGTTCTCCTGGTACTGGAAAATCTCTTGCCACTTCTGTTCTTGCTCGAATG
298	2908	750	-	AGGGCTGTTGCCTATCAACACACACACTCAACCAATTACATACCATCCAATGGTGAGGCCACAACTCAGATTAAAACCAGACCTGATGTTTTTACCGTTACAAACGTCGGACCATCTAGTATGTTTGTACATGTGGGTAACTTAATCTAT
300	3836	750	-	CACAGGCTCAATTGAAAATTGATTACCTAACCAAATTAAAACAACTTAATCTCTTAGAGAAACAAATAGAAACAATTAGACTTGCACCTGCTAGTGTTCAGGAGAAAATTTTCATTGAAATAAACACCCTTCATGATTTATCCTTAAAAT
301	3655	750	-	TCAGGCTCACCATGGAGGTTTCTTAAAGAGAAACTCTGTGCGTGGCTCCAGCTTAGCTATGTACATAAGCAGTCTGATTCATGGCTCAAGAAATTTACTGAAGCGTGTAACGCAGCACGTGGGCTAGAGTGGATTGGACAAAAGATATCT
302	4569	750	-	TGTAGAGTTTAAAGATAGAAATTCATGTACAACCTTGTCTTTATCTCAATTGTATAGTCATATAAAGGAAGAAGATAGGAGAAGAAGCAGTGCAGCACAAGCAATGGAGGCTATATTTCAAGGTATAGACCTCCAATCTCCTCCACCTCC
303	5334	750	-	TGCAGTATCTTATGGTAACATCTTATTGAGTGGTACCAATACTGCACGAATGATCAAGTACCATTACCCGACAAAAGCTGGATATTGTGGGGGTGTTTTGTACAAGGTTGGCTCTATTCTTGGTATACATGTTGGTGGCAATGGTAGAGA
304	0	750	-	CCCCGGTCAATGAGGATATGCTTTACCCAAGGCAAAAACCTTAGAGATCGTTATCCCCACACTGCCTACACAGAGCCCAGTACCATTTTTGATATAATTGGGTTGGTCGCTCCCTGCAAACCCAGCAGTAGACCTGGCAGATGAGGCTGG
305	6507	750	-	GGATGATGTCATCTTTTCTTATAATTTTAAACTTGACATGGCAGTTCTTGCCAAAGAAGGAGAAAAATATGGACTAACAATCACCCCTGCTGATAAGTCTGATGTTTTCCAAGAATTGACCTATAAAAATGTAACTTTTCTTAAAAGAGG
307	1039	750	-	AATGTATCAGTCGGGTACAATCACACCCACCCAGGTGAGCAAGGTAGAGAAGTAGTACCATCACGGACATCTAGTGATAATAAAAGACCTAGTGATGACAGTTGGTTAAATTTTGATGGAACATTACTTGGTAACTTACCTATTTATCCC
308	6674	750	-	GCCACTCTTTCCTTATACACCCTACCTTTCCTGTGGCTGAGATTCATGACTCCATCAGATGGACCAAAAACCCTTCATGTATGCAGGAACACGTGCTATCTTTGTGTCATTTAATGTGGCATAATGGTAGACATGCATACCAGGAATTCA
309	4264	750	-	ATGACTTTGTTTTGCCAAATGGTATCGAGTGTCCCTTTCATACCTCCTATGGCAGATCTTCCAGATAAAGGAAAACCATTTACATCCAAGTTTGTACTTGCAAGCACTAATCACACTCTACTAACACCACCAACAGTATCTTCATTACCA
310	3127	750	-	ATATATCGAACAAACACTGAAGGTAATGATGTGATCCCTAATTGTGATTGCACTGAATGTACATATTACTGCCACCACAAAGATAGGTATTTTCCTATCAGAGTTACTGCACATGATTGGTATGAGATTCAAGAATCAGAATATTACCCA
313	4090	750	-	ATACATGGTTCTCCTGGTACTGGAAAATCTCTTGCCACTTCTGTTCTTGCTCGAATGCTAACTGTTGAGACTGATATATATTCTTTGCCCCCAGATCCTAAATATTTTGATGGGTATGATCAACAGAGTGTTGTTATCATGGATGATATC
316	5077	750	-	CAAGTCATGGTACTTCCAACACATTCTGACCCAGGCTCTGAGATCTTGGTAGATGGAGTAAAAGTTAAGGTCTCTGATTCCTATGATTTGCATAACCATGAGGGTGTTAAGCTAGAGATCACAGTTGTGAAATTAATTAGAAATGAGAAG
317	3664	750	-	CCATGGAGGTTTCTTAAAGAGAAACTCTGTGCGTGGCTCCAGCTTAGCTATGTACATAAGCAGTCTGATTCATGGCTCAAGAAATTTACTGAAGCGTGTAACGCAGCACGTGGGCTAGAGTGGATTGGACAAAAGATATCTAAATTTATA
323	49	750	-	CAGAGCCCAGTACCATTTTTGATATAATTGGGTTGGTCGCTCCCTGCAAACCCAGCAGTAGACCTGGCAGATGAGGCTGGACATTCCCCACTGGCGACAGTGGTCCAGCCTGCGTGGCTGCCTGCTCACCCTTCTTGGGTGAGAAGCCTA
325	5242	750	-	AAATATTTACCCTCACGTGAAGATGACTATCCTGCTTGTAACCTTGCCTTACTAGCTAATCAAGATGAGCCAACAATAATAAGTGTTGGTGATGCAGTATCTTATGGTAACATCTTATTGAGTGGTACCAATACTGCACGAATGATCAAG
329	896	750	-	TATTTGGTGAAAATATGTTTTACCATTTTCTAGGGAGATCTGGATACACAATACATGTACAATGTAATTCTAGCAAGTTTCATCAGGGTTTATTAATAGTTGCCGCCATCCCAGAACATCAATTGGCATCTGCAACAAGTGGAAATGTAT
330	3860	750	-	ACCTAACCAAATTAAAACAACTTAATCTCTTAGAGAAACAAATAGAAACAATTAGACTTGCACCTGCTAGTGTTCAGGAGAAAATTTTCATTGAAATAAACACCCTTCATGATTTATCCTTAAAATTCTTACCACTGTATGCATCTGAAG
331	1842	750	-	AAAACCTAAATCCAGGAGAGAAGCCATGCTTGGTACACATTTAGTGTGGGATGTGGGGTTGCAGTCCACCGCCTCACTAGTTGTACCATGGGTTAGTGCTAGCCATTTTAGATTCACTACACCTGACACATATTCCTCAGCTGGTTATAT
332	3137	750	-	CAAACACTGAAGGTAATGATGTGATCCCTAATTGTGATTGCACTGAATGTACATATTACTGCCACCACAAAGATAGGTATTTTCCTATCAGAGTTACTGCACATGATTGGTATGAGATTCAAGAATCAGAATATTACCCAAAACATATCC
334	6483	750	-	TAAACTGAAAATCTTAGCATATGGGGATGATGTCATCTTTTCTTATAATTTTAAACTTGACATGGCAGTTCTTGCCAAAGAAGGAGAAAAATATGGACTAACAATCACCCCTGCTGATAAGTCTGATGTTTTCCAAGAATTGACCTATAA
336	3453	750	-	TTATGTGGAACATCTTGGTCAAGTCTTTGGTGTAGGCTTCGTAGACAGCATCAAACAACAGGTAAACTTTATCAACCCCACTAGTAAAATTGGTTCAAAAGTGATTAAATGGTTGTTGAGGATAGTTTCAGCTATGATAATAATGGTAAG
337	6119	750	-	CTTTCCACAAAAACCCAGGTATAGTCACTGGTTCAGCAGTAGGGTGTGACCCTGAAGTATTCTGGTCAACTATACCTCTCATGCTAGATGGAGAATGTTTAATGGCTTTTGATTATTCAAACTATGATGGTAGCCTACATCCCGTTTGGT
338	6568	750	-	GAAAAATATGGACTAACAATCACCCCTGCTGATAAGTCTGATGTTTTCCAAGAATTGACCTATAAAAATGTAACTTTTCTTAAAAGAGGATTCAGAGCTGATGAGCGCCACTCTTTCCTTATACACCCTACCTTTCCTGTGGCTGAGATT
340	3611	750	-	CTGATCCACAAACTGTAATTGCCACTCTCACCCTTCTAGGTTGTTCAGGCTCACCATGGAGGTTTCTTAAAGAGAAACTCTGTGCGTGGCTCCAGCTTAGCTATGTACATAAGCAGTCTGATTCATGGCTCAAGAAATTTACTGAAGCGT
341	2555	750	-	ATAGTGGACATATAGTATTGCAATTTATGTATGTACCCCCAGGAGCACCTGTCCCCGAAAAACGTGATGATTACACATGGCAATCAGGAACAAATGCATCTGTGTTCTGGCAAGAAGGACAACCATACCCCAGATTCACAATCCCTTTTA
343	3933	750	-	TCAGGAGAAAATTTTCATTGAAATAAACACCCTTCATGATTTATCCTTAAAATTCTTACCACTGTATGCATCTGAAGCACGTAGAATTAAGAATTTATATATCAAATGCAGTAATGTTATTAAAGGGGGAAAGAGGAATGAACCAGTTGC
345	6660	750	-	CAGAGCTGATGAGCGCCACTCTTTCCTTATACACCCTACCTTTCCTGTGGCTGAGATTCATGACTCCATCAGATGGACCAAAAACCCTTCATGTATGCAGGAACACGTGCTATCTTTGTGTCATTTAATGTGGCATAATGGTAGACATGC
346	4464	750	-	GTATCTTTTAGATGGCAAACTAGATATAGCAAAAAGCTTTCGACCATGTGATGTTAATATTAAAATAGGCAATGCTAAGTGCTGTCCATTTATCTGTGGAAAAGCTGTAGAGTTTAAAGATAGAAATTCATGTACAACCTTGTCTTTATC
347	6606	750	-	TGATGTTTTCCAAGAATTGACCTATAAAAATGTAACTTTTCTTAAAAGAGGATTCAGAGCTGATGAGCGCCACTCTTTCCTTATACACCCTACCTTTCCTGTGGCTGAGATTCATGACTCCATCAGATGGACCAAAAACCCTTCATGTAT
352	408	750	-	GATTGTCATCATGGGTGCACAAGTATCTAGACAAAATGTTGGGACACACTCCACACAAAATTCAGTGAGCAATGGATCTAGCTTAAATTATTTCAACATCAATTATTTTAAAGACGCAGCTTCAAGTGGTGCTTCTAGATTGGATTTTTC
354	2235	750	-	TGCATTGGATGCTGCGGAAACCGGACACACCAGCTCTGTTCAACCTGAAGATATGATTGAAACTAGATATGTTATAACTGATCAAACAAGGGATGAAACAAGTATTGAGAGTTTCTTAGGTAGGTCAGGGTGTATCGCTATGATAGAATT
355	2617	750	-	CGTGATGATTACACATGGCAATCAGGAACAAATGCATCTGTGTTCTGGCAAGAAGGACAACCATACCCCAGATTCACAATCCCTTTTATGAGCATTGCATCAGCCTATTACATGTTTTATGATGGTTATGATGGTGATAGTGCAGCATCA
356	2231	750	-	CGCCTGCATTGGATGCTGCGGAAACCGGACACACCAGCTCTGTTCAACCTGAAGATATGATTGAAACTAGATATGTTATAACTGATCAAACAAGGGATGAAACAAGTATTGAGAGTTTCTTAGGTAGGTCAGGGTGTATCGCTATGATAG
361	4452	750	-	AGTTAAGAAAGAGTATCTTTTAGATGGCAAACTAGATATAGCAAAAAGCTTTCGACCATGTGATGTTAATATTAAAATAGGCAATGCTAAGTGCTGTCCATTTATCTGTGGAAAAGCTGTAGAGTTTAAAGATAGAAATTCATGTACAAC
362	4229	750	-	TGGATGATATCATGCAAAATCCTAGTGGTGAAGACATGACTTTGTTTTGCCAAATGGTATCGAGTGTCCCTTTCATACCTCCTATGGCAGATCTTCCAGATAAAGGAAAACCATTTACATCCAAGTTTGTACTTGCAAGCACTAATCACA
363	5706	750	-	CTCCAAATATAAAGGTAATCCTGCTTGTCAAGTGACCCCACACATGAAAATTGCTGTAGCACATTATGCAGCACAGTTATCTACACTAGACATAAATCCTCAACCCCTTTCATTGGAAGAGAGTGTGTTTGGTATTGAGGGATTAGAAGC
364	340	750	-	TACTTTGGGTGTCCGTGTTTCCTGTTTTTCTTTTGATTGCATTTTATGGTGACAATTTATAGTGTATAGATTGTCATCATGGGTGCACAAGTATCTAGACAAAATGTTGGGACACACTCCACACAAAATTCAGTGAGCAATGGATCTAGC
366	4297	750	-	CCTTTCATACCTCCTATGGCAGATCTTCCAGATAAAGGAAAACCATTTACATCCAAGTTTGTACTTGCAAGCACTAATCACACTCTACTAACACCACCAACAGTATCTTCATTACCAGCAATGGCAAGAAGGTTTTACTTTGATCTAGAC
367	6166	750	-	GACCCTGAAGTATTCTGGTCAACTATACCTCTCATGCTAGATGGAGAATGTTTAATGGCTTTTGATTATTCAAACTATGATGGTAGCCTACATCCCGTTTGGTTTAAATGTCTTAGTATGCTCTTAGAAGACATAGGTTTCTCCTCTCAA
370	3566	750	-	TGTTGAGGATAGTTTCAGCTATGATAATAATGGTAAGGAATAGTTCTGATCCACAAACTGTAATTGCCACTCTCACCCTTCTAGGTTGTTCAGGCTCACCATGGAGGTTTCTTAAAGAGAAACTCTGTGCGTGGCTCCAGCTTAGCTATG
371	6184	750	-	TCAACTATACCTCTCATGCTAGATGGAGAATGTTTAATGGCTTTTGATTATTCAAACTATGATGGTAGCCTACATCCCGTTTGGTTTAAATGTCTTAGTATGCTCTTAGAAGACATAGGTTTCTCCTCTCAACTTATTAACCAGATCTGT
373	3863	750	-	TAACCAAATTAAAACAACTTAATCTCTTAGAGAAACAAATAGAAACAATTAGACTTGCACCTGCTAGTGTTCAGGAGAAAATTTTCATTGAAATAAACACCCTTCATGATTTATCCTTAAAATTCTTACCACTGTATGCATCTGAAGCAC
379	3831	750	-	GTTACCACAGGCTCAATTGAAAATTGATTACCTAACCAAATTAAAACAACTTAATCTCTTAGAGAAACAAATAGAAACAATTAGACTTGCACCTGCTAGTGTTCAGGAGAAAATTTTCATTGAAATAAACACCCTTCATGATTTATCCTT
380	793	750	-	GATACATCATCCAACAGATTCTACACCTTGGACAGTCGTTCTTGGACATCTGCCTCATCTGGATGGTGGTGGAAATTGCCTGATGCCCTTAAAAACATGGGTATATTTGGTGAAAATATGTTTTACCATTTTCTAGGGAGATCTGGATAC
381	2761	750	-	GCATCAAAATACGGTTCTGTAGTCACTAATGATATGGGAACCATATGTGTTAGAATAGTGACATCCAACCAAAAACACGATTCAAATATTGTGTGCCGCATTTACCACAAGGCCAAACATATAAAAGCATGGTGTCCTCGCCCACCAAGG
382	3110	750	-	ACTCCAGTGATCTAATCATATATCGAACAAACACTGAAGGTAATGATGTGATCCCTAATTGTGATTGCACTGAATGTACATATTACTGCCACCACAAAGATAGGTATTTTCCTATCAGAGTTACTGCACATGATTGGTATGAGATTCAAG
383	2618	750	-	GTGATGATTACACATGGCAATCAGGAACAAATGCATCTGTGTTCTGGCAAGAAGGACAACCATACCCCAGATTCACAATCCCTTTTATGAGCATTGCATCAGCCTATTACATGTTTTATGATGGTTATGATGGTGATAGTGCAGCATCAA
386	3248	750	-	ATGAGATTCAAGAATCAGAATATTACCCAAAACATATCCAATATAATCTCCTGATTGGAGAGGGTCCTTGTGAACCAGGAGATTGTGGAGGAAAACTATTGTGTAAACATGGTGTTATAGGTATGATTACAGCTGGAGGTGAAGGTCACG
388	5349	750	-	TAACATCTTATTGAGTGGTACCAATACTGCACGAATGATCAAGTACCATTACCCGACAAAAGCTGGATATTGTGGGGGTGTTTTGTACAAGGTTGGCTCTATTCTTGGTATACATGTTGGTGGCAATGGTAGAGATGGATTTTCTGCAAT
391	1570	750	-	GTTGACACACTCATTCCTGTTAACAATACACAGGAAAATGTAAGATCTGTGAATATGTACACTGTTGATTTACGCACACAAGTTGATTTAGCTAAAGAAGTCTTTTCTATACCAGTAGATATTGCCTCACAACCTTTAGCCACTACTCTC
393	1208	750	-	GGACTAACAATTCAGCTACCCTTATTTTACCTTATGTCAATGCTGTACCAATGGACTCTATGCTTAGACATAATAATTGGAGCTTGGTTATAATCCCAATATGCCCTCTTCAGGTCCAACCTGGGGGGACACAATCCATACCTATAACAG
396	4353	750	-	GTTTGTACTTGCAAGCACTAATCACACTCTACTAACACCACCAACAGTATCTTCATTACCAGCAATGGCAAGAAGGTTTTACTTTGATCTAGACATTCAAGTTAAGAAAGAGTATCTTTTAGATGGCAAACTAGATATAGCAAAAAGCTT
403	559	750	-	CAAGACCCTAGTAAATTTACTGATCCTGTTAAAGATGTGTTAGAAAAGGGTATTCCAACACTTCAATCACCAACAGTTGAAGCTTGTGGTTATTCAGACAGACTAATACAGATAACCCGAGGAGATTCCACTATAACATCCCAAGATACT
404	4516	750	-	GTTAATATTAAAATAGGCAATGCTAAGTGCTGTCCATTTATCTGTGGAAAAGCTGTAGAGTTTAAAGATAGAAATTCATGTACAACCTTGTCTTTATCTCAATTGTATAGTCATATAAAGGAAGAAGATAGGAGAAGAAGCAGTGCAGCA
405	557	750	-	CTCAAGACCCTAGTAAATTTACTGATCCTGTTAAAGATGTGTTAGAAAAGGGTATTCCAACACTTCAATCACCAACAGTTGAAGCTTGTGGTTATTCAGACAGACTAATACAGATAACCCGAGGAGATTCCACTATAACATCCCAAGATA
407	2606	750	-	TCCCCGAAAAACGTGATGATTACACATGGCAATCAGGAACAAATGCATCTGTGTTCTGGCAAGAAGGACAACCATACCCCAGATTCACAATCCCTTTTATGAGCATTGCATCAGCCTATTACATGTTTTATGATGGTTATGATGGTGATA
411	2773	750	-	GGTTCTGTAGTCACTAATGATATGGGAACCATATGTGTTAGAATAGTGACATCCAACCAAAAACACGATTCAAATATTGTGTGCCGCATTTACCACAAGGCCAAACATATAAAAGCATGGTGTCCTCGCCCACCAAGGGCTGTTGCCTAT
412	370	750	-	TTTTGATTGCATTTTATGGTGACAATTTATAGTGTATAGATTGTCATCATGGGTGCACAAGTATCTAGACAAAATGTTGGGACACACTCCACACAAAATTCAGTGAGCAATGGATCTAGCTTAAATTATTTCAACATCAATTATTTTAAA
414	895	750	-	ATATTTGGTGAAAATATGTTTTACCATTTTCTAGGGAGATCTGGATACACAATACATGTACAATGTAATTCTAGCAAGTTTCATCAGGGTTTATTAATAGTTGCCGCCATCCCAGAACATCAATTGGCATCTGCAACAAGTGGAAATGTA
415	3739	750	-	CTCAAGAAATTTACTGAAGCGTGTAACGCAGCACGTGGGCTAGAGTGGATTGGACAAAAGATATCTAAATTTATAGATTGGATAAAGAGTATGTTACCACAGGCTCAATTGAAAATTGATTACCTAACCAAATTAAAACAACTTAATCTC
417	4668	750	-	AGCAATGGAGGCTATATTTCAAGGTATAGACCTCCAATCTCCTCCACCTCCAGCCATAGCTGACCTCCTTAGGTCTGTGAAAACACCAGAGATCATTAAGTATTGCCAAGATAATAATTGGATTGTTCCAGCAGAGTGTTCTATTGAAAG
419	4110	750	-	TGGAAAATCTCTTGCCACTTCTGTTCTTGCTCGAATGCTAACTGTTGAGACTGATATATATTCTTTGCCCCCAGATCCTAAATATTTTGATGGGTATGATCAACAGAGTGTTGTTATCATGGATGATATCATGCAAAATCCTAGTGGTGA
420	5275	750	-	GCTTGTAACCTTGCCTTACTAGCTAATCAAGATGAGCCAACAATAATAAGTGTTGGTGATGCAGTATCTTATGGTAACATCTTATTGAGTGGTACCAATACTGCACGAATGATCAAGTACCATTACCCGACAAAAGCTGGATATTGTGGG
423	5828	750	-	GTGTGTTTGGTATTGAGGGATTAGAAGCTTTGGATTTAAATACTAGTGCAGGATTTCCTTATGTTTCACTGGGAATAAAGAAGAAAGATCTTATAGATAAAAAGACCAAAGACATCACAAAACTTAGGAAAGCAATTGATGAATATGGTA
425	303	750	-	TTGCGGTCGTAATGCGTAAGTGCGGGATGGGACCAACTACTTTGGGTGTCCGTGTTTCCTGTTTTTCTTTTGATTGCATTTTATGGTGACAATTTATAGTGTATAGATTGTCATCATGGGTGCACAAGTATCTAGACAAAATGTTGGGAC
427	6784	750	-	TTAATGTGGCATAATGGTAGACATGCATACCAGGAATTCATTAAAGGTATACGCAGTGTATCTGCCGGTCGGGCACTGTATATACCAGCTTATGAAGTTCTTGAACATGAATGGTATGAAAAATTTTAGATATAAAACTGTTAAATATAG
428	908	750	-	ATATGTTTTACCATTTTCTAGGGAGATCTGGATACACAATACATGTACAATGTAATTCTAGCAAGTTTCATCAGGGTTTATTAATAGTTGCCGCCATCCCAGAACATCAATTGGCATCTGCAACAAGTGGAAATGTATCAGTCGGGTACA
430	4986	750	-	AGAGGAAGAGTTTGGTCGCTCACTACTCAAACATAATTGCTGTGTTGTGACAACCGACAAAGGCAAATTCACAGGTCTTGGCATATATGACCAAGTCATGGTACTTCCAACACATTCTGACCCAGGCTCTGAGATCTTGGTAGATGGAGT
431	242	750	-	CCTCCGGCCCCTGAATGTGGCTAACCTTAACCCTGCAGCCGTTGCCCATAATCCAATGGGTTTGCGGTCGTAATGCGTAAGTGCGGGATGGGACCAACTACTTTGGGTGTCCGTGTTTCCTGTTTTTCTTTTGATTGCATTTTATGGTGA
432	2302	750	-	TATGTTATAACTGATCAAACAAGGGATGAAACAAGTATTGAGAGTTTCTTAGGTAGGTCAGGGTGTATCGCTATGATAGAATTTAATACAAGTAGTGATAAAACTGAACATGATAAAATTGGTAAAGGATTCAAAACATGGAAGGTTAGT
433	3554	750	-	TGATTAAATGGTTGTTGAGGATAGTTTCAGCTATGATAATAATGGTAAGGAATAGTTCTGATCCACAAACTGTAATTGCCACTCTCACCCTTCTAGGTTGTTCAGGCTCACCATGGAGGTTTCTTAAAGAGAAACTCTGTGCGTGGCTCC
434	6591	750	-	CCCTGCTGATAAGTCTGATGTTTTCCAAGAATTGACCTATAAAAATGTAACTTTTCTTAAAAGAGGATTCAGAGCTGATGAGCGCCACTCTTTCCTTATACACCCTACCTTTCCTGTGGCTGAGATTCATGACTCCATCAGATGGACCAA
439	4195	750	-	TTTGATGGGTATGATCAACAGAGTGTTGTTATCATGGATGATATCATGCAAAATCCTAGTGGTGAAGACATGACTTTGTTTTGCCAAATGGTATCGAGTGTCCCTTTCATACCTCCTATGGCAGATCTTCCAGATAAAGGAAAACCATTT
440	1822	750	-	TACACTCCTCCTGGTGTTGGAAAACCTAAATCCAGGAGAGAAGCCATGCTTGGTACACATTTAGTGTGGGATGTGGGGTTGCAGTCCACCGCCTCACTAGTTGTACCATGGGTTAGTGCTAGCCATTTTAGATTCACTACACCTGACACA
442	1937	750	-	GTGCTAGCCATTTTAGATTCACTACACCTGACACATATTCCTCAGCTGGTTATATTACATGCTGGTACCAGACCAACTTTGTAGTACCTGATAGTACTCCAGATAACGCCAAAATGGTGTGCATGGTTTCTGCATGCAAAGATTTTTGCT
447	327	750	-	GGATGGGACCAACTACTTTGGGTGTCCGTGTTTCCTGTTTTTCTTTTGATTGCATTTTATGGTGACAATTTATAGTGTATAGATTGTCATCATGGGTGCACAAGTATCTAGACAAAATGTTGGGACACACTCCACACAAAATTCAGTGAG
451	5486	750	-	GATTTTCTGCAATGCTTCTCAAATCTTATTTTGGTGAAACCCAGGGTTTAATCACTAAAGAACTTCCTGTATCTGTAAAGAACTTACCATCCGTACATGTTTCATCTAAAACCCGACTACAACCTAGTGTTTTTCATGATGTTTTCCCTG
454	2868	750	-	CAAGGCCAAACATATAAAAGCATGGTGTCCTCGCCCACCAAGGGCTGTTGCCTATCAACACACACACTCAACCAATTACATACCATCCAATGGTGAGGCCACAACTCAGATTAAAACCAGACCTGATGTTTTTACCGTTACAAACGTCGG
455	1905	750	-	GTCCACCGCCTCACTAGTTGTACCATGGGTTAGTGCTAGCCATTTTAGATTCACTACACCTGACACATATTCCTCAGCTGGTTATATTACATGCTGGTACCAGACCAACTTTGTAGTACCTGATAGTACTCCAGATAACGCCAAAATGGT
460	5840	750	-	TTGAGGGATTAGAAGCTTTGGATTTAAATACTAGTGCAGGATTTCCTTATGTTTCACTGGGAATAAAGAAGAAAGATCTTATAGATAAAAAGACCAAAGACATCACAAAACTTAGGAAAGCAATTGATGAATATGGTATTGATTTGCCTA
461	121	750	-	GAGGCTGGACATTCCCCACTGGCGACAGTGGTCCAGCCTGCGTGGCTGCCTGCTCACCCTTCTTGGGTGAGAAGCCTAATTATTGACAAGGTGTGAAGAGCCGCGTGTGCTCAGTGTGCTTCCTCCGGCCCCTGAATGTGGCTAACCTTA
464	6522	750	-	TTCTTATAATTTTAAACTTGACATGGCAGTTCTTGCCAAAGAAGGAGAAAAATATGGACTAACAATCACCCCTGCTGATAAGTCTGATGTTTTCCAAGAATTGACCTATAAAAATGTAACTTTTCTTAAAAGAGGATTCAGAGCTGATGA
465	5196	750	-	CACAGTTGTGAAATTAATTAGAAATGAGAAGTTTAAAGACATCAGAAAATATTTACCCTCACGTGAAGATGACTATCCTGCTTGTAACCTTGCCTTACTAGCTAATCAAGATGAGCCAACAATAATAAGTGTTGGTGATGCAGTATCTTA
466	6476	750	-	ATCTAGATAAACTGAAAATCTTAGCATATGGGGATGATGTCATCTTTTCTTATAATTTTAAACTTGACATGGCAGTTCTTGCCAAAGAAGGAGAAAAATATGGACTAACAATCACCCCTGCTGATAAGTCTGATGTTTTCCAAGAATTGA
467	2212	750	-	TCTGTGTCAAGTCATGCAGCGCCTGCATTGGATGCTGCGGAAACCGGACACACCAGCTCTGTTCAACCTGAAGATATGATTGAAACTAGATATGTTATAACTGATCAAACAAGGGATGAAACAAGTATTGAGAGTTTCTTAGGTAGGTCA
469	3891	750	-	AGAGAAACAAATAGAAACAATTAGACTTGCACCTGCTAGTGTTCAGGAGAAAATTTTCATTGAAATAAACACCCTTCATGATTTATCCTTAAAATTCTTACCACTGTATGCATCTGAAGCACGTAGAATTAAGAATTTATATATCAAATG
470	2362	750	-	GGGTGTATCGCTATGATAGAATTTAATACAAGTAGTGATAAAACTGAACATGATAAAATTGGTAAAGGATTCAAAACATGGAAGGTTAGTCTTCAAGAAATGGCACAAATCAGAAGAAAATATGAATTATTCACATATACAAGATTTGAT
477	4114	750	-	AAATCTCTTGCCACTTCTGTTCTTGCTCGAATGCTAACTGTTGAGACTGATATATATTCTTTGCCCCCAGATCCTAAATATTTTGATGGGTATGATCAACAGAGTGTTGTTATCATGGATGATATCATGCAAAATCCTAGTGGTGAAGAC
478	1905	750	-	GTCCACCGCCTCACTAGTTGTACCATGGGTTAGTGCTAGCCATTTTAGATTCACTACACCTGACACATATTCCTCAGCTGGTTATATTACATGCTGGTACCAGACCAACTTTGTAGTACCTGATAGTACTCCAGATAACGCCAAAATGGT
479	3757	750	-	GCGTGTAACGCAGCACGTGGGCTAGAGTGGATTGGACAAAAGATATCTAAATTTATAGATTGGATAAAGAGTATGTTACCACAGGCTCAATTGAAAATTGATTACCTAACCAAATTAAAACAACTTAATCTCTTAGAGAAACAAATAGAA
481	1836	750	-	TGTTGGAAAACCTAAATCCAGGAGAGAAGCCATGCTTGGTACACATTTAGTGTGGGATGTGGGGTTGCAGTCCACCGCCTCACTAGTTGTACCATGGGTTAGTGCTAGCCATTTTAGATTCACTACACCTGACACATATTCCTCAGCTGG
482	6223	750	-	GCTTTTGATTATTCAAACTATGATGGTAGCCTACATCCCGTTTGGTTTAAATGTCTTAGTATGCTCTTAGAAGACATAGGTTTCTCCTCTCAACTTATTAACCAGATCTGTAACTCTAAACATATATACAAATCTAAGTATTATGAAGTG
483	338	750	-	ACTACTTTGGGTGTCCGTGTTTCCTGTTTTTCTTTTGATTGCATTTTATGGTGACAATTTATAGTGTATAGATTGTCATCATGGGTGCACAAGTATCTAGACAAAATGTTGGGACACACTCCACACAAAATTCAGTGAGCAATGGATCTA
485	1986	750	-	TTATATTACATGCTGGTACCAGACCAACTTTGTAGTACCTGATAGTACTCCAGATAACGCCAAAATGGTGTGCATGGTTTCTGCATGCAAAGATTTTTGCTTAAGATTAGCCAGAGATACTAACCTACACACACAAGAAGGAGTACTCAC
492	6498	750	-	AGCATATGGGGATGATGTCATCTTTTCTTATAATTTTAAACTTGACATGGCAGTTCTTGCCAAAGAAGGAGAAAAATATGGACTAACAATCACCCCTGCTGATAAGTCTGATGTTTTCCAAGAATTGACCTATAAAAATGTAACTTTTCT
493	554	750	-	TTTCTCAAGACCCTAGTAAATTTACTGATCCTGTTAAAGATGTGTTAGAAAAGGGTATTCCAACACTTCAATCACCAACAGTTGAAGCTTGTGGTTATTCAGACAGACTAATACAGATAACCCGAGGAGATTCCACTATAACATCCCAAG
495	4667	750	-	AAGCAATGGAGGCTATATTTCAAGGTATAGACCTCCAATCTCCTCCACCTCCAGCCATAGCTGACCTCCTTAGGTCTGTGAAAACACCAGAGATCATTAAGTATTGCCAAGATAATAATTGGATTGTTCCAGCAGAGTGTTCTATTGAAA
496	4723	750	-	ATAGCTGACCTCCTTAGGTCTGTGAAAACACCAGAGATCATTAAGTATTGCCAAGATAATAATTGGATTGTTCCAGCAGAGTGTTCTATTGAAAGAGATTTAGGGATAGCAAATATGACTATAGGTATAATAGCTAATGTGGTCTCTATA
497	2721	750	-	CTATTACATGTTTTATGATGGTTATGATGGTGATAGTGCAGCATCAAAATACGGTTCTGTAGTCACTAATGATATGGGAACCATATGTGTTAGAATAGTGACATCCAACCAAAAACACGATTCAAATATTGTGTGCCGCATTTACCACAA
499	3474	750	-	AGTCTTTGGTGTAGGCTTCGTAGACAGCATCAAACAACAGGTAAACTTTATCAACCCCACTAGTAAAATTGGTTCAAAAGTGATTAAATGGTTGTTGAGGATAGTTTCAGCTATGATAATAATGGTAAGGAATAGTTCTGATCCACAAAC
502	1120	750	-	AAAAGACCTAGTGATGACAGTTGGTTAAATTTTGATGGAACATTACTTGGTAACTTACCTATTTATCCCCACCAATACATTAATCTAAGGACTAACAATTCAGCTACCCTTATTTTACCTTATGTCAATGCTGTACCAATGGACTCTATG
503	5930	750	-	AGACCAAAGACATCACAAAACTTAGGAAAGCAATTGATGAATATGGTATTGATTTGCCTATGGTTACTTTTCTGAAAGATGAACTTAGAAAGAAGGAAAAAATAAAAGATGGAAAGACTAGAGTCATAGAAGCTAATAGTGTGAATGATA
504	3153	750	-	TGATGTGATCCCTAATTGTGATTGCACTGAATGTACATATTACTGCCACCACAAAGATAGGTATTTTCCTATCAGAGTTACTGCACATGATTGGTATGAGATTCAAGAATCAGAATATTACCCAAAACATATCCAATATAATCTCCTGAT
505	2540	750	-	CAGCTCAAGGAAATGATAGTGGACATATAGTATTGCAATTTATGTATGTACCCCCAGGAGCACCTGTCCCCGAAAAACGTGATGATTACACATGGCAATCAGGAACAAATGCATCTGTGTTCTGGCAAGAAGGACAACCATACCCCAGAT
506	1112	750	-	GTGATAATAAAAGACCTAGTGATGACAGTTGGTTAAATTTTGATGGAACATTACTTGGTAACTTACCTATTTATCCCCACCAATACATTAATCTAAGGACTAACAATTCAGCTACCCTTATTTTACCTTATGTCAATGCTGTACCAATGG
507	5725	750	-	CCTGCTTGTCAAGTGACCCCACACATGAAAATTGCTGTAGCACATTATGCAGCACAGTTATCTACACTAGACATAAATCCTCAACCCCTTTCATTGGAAGAGAGTGTGTTTGGTATTGAGGGATTAGAAGCTTTGGATTTAAATACTAGT
508	498	750	-	TTTCAACATCAATTATTTTAAAGACGCAGCTTCAAGTGGTGCTTCTAGATTGGATTTTTCTCAAGACCCTAGTAAATTTACTGATCCTGTTAAAGATGTGTTAGAAAAGGGTATTCCAACACTTCAATCACCAACAGTTGAAGCTTGTGG
509	2417	750	-	AAATTGGTAAAGGATTCAAAACATGGAAGGTTAGTCTTCAAGAAATGGCACAAATCAGAAGAAAATATGAATTATTCACATATACAAGATTTGATTCAGAGATAACAATAGTCACTGCAGCCGCAGCTCAAGGAAATGATAGTGGACATA
511	2758	750	-	GCAGCATCAAAATACGGTTCTGTAGTCACTAATGATATGGGAACCATATGTGTTAGAATAGTGACATCCAACCAAAAACACGATTCAAATATTGTGTGCCGCATTTACCACAAGGCCAAACATATAAAAGCATGGTGTCCTCGCCCACCA
513	4654	750	-	AGCAGTGCAGCACAAGCAATGGAGGCTATATTTCAAGGTATAGACCTCCAATCTCCTCCACCTCCAGCCATAGCTGACCTCCTTAGGTCTGTGAAAACACCAGAGATCATTAAGTATTGCCAAGATAATAATTGGATTGTTCCAGCAGAG
521	1754	750	-	CTGGTAGTCTGCGCTTTAGCTTTATGTTTTGTGGTTCTGCTAGCTCTACTTTGAAACTATTAATTGCATACACTCCTCCTGGTGTTGGAAAACCTAAATCCAGGAGAGAAGCCATGCTTGGTACACATTTAGTGTGGGATGTGGGGTTGC
522	6074	750	-	ATGATACTGTGTTATTCAGAAGTGTATTTGGAAATCTTTTCTCTGCTTTCCACAAAAACCCAGGTATAGTCACTGGTTCAGCAGTAGGGTGTGACCCTGAAGTATTCTGGTCAACTATACCTCTCATGCTAGATGGAGAATGTTTAATGG
526	388	750	-	GTGACAATTTATAGTGTATAGATTGTCATCATGGGTGCACAAGTATCTAGACAAAATGTTGGGACACACTCCACACAAAATTCAGTGAGCAATGGATCTAGCTTAAATTATTTCAACATCAATTATTTTAAAGACGCAGCTTCAAGTGGT
531	2691	750	-	CACAATCCCTTTTATGAGCATTGCATCAGCCTATTACATGTTTTATGATGGTTATGATGGTGATAGTGCAGCATCAAAATACGGTTCTGTAGTCACTAATGATATGGGAACCATATGTGTTAGAATAGTGACATCCAACCAAAAACACGA
535	2568	750	-	AGTATTGCAATTTATGTATGTACCCCCAGGAGCACCTGTCCCCGAAAAACGTGATGATTACACATGGCAATCAGGAACAAATGCATCTGTGTTCTGGCAAGAAGGACAACCATACCCCAGATTCACAATCCCTTTTATGAGCATTGCATC
536	126	750	-	TGGACATTCCCCACTGGCGACAGTGGTCCAGCCTGCGTGGCTGCCTGCTCACCCTTCTTGGGTGAGAAGCCTAATTATTGACAAGGTGTGAAGAGCCGCGTGTGCTCAGTGTGCTTCCTCCGGCCCCTGAATGTGGCTAACCTTAACCCT
539	4355	750	-	TTGTACTTGCAAGCACTAATCACACTCTACTAACACCACCAACAGTATCTTCATTACCAGCAATGGCAAGAAGGTTTTACTTTGATCTAGACATTCAAGTTAAGAAAGAGTATCTTTTAGATGGCAAACTAGATATAGCAAAAAGCTTTC
540	4716	750	-	TCCAGCCATAGCTGACCTCCTTAGGTCTGTGAAAACACCAGAGATCATTAAGTATTGCCAAGATAATAATTGGATTGTTCCAGCAGAGTGTTCTATTGAAAGAGATTTAGGGATAGCAAATATGACTATAGGTATAATAGCTAATGTGGT
541	1578	750	-	ACTCATTCCTGTTAACAATACACAGGAAAATGTAAGATCTGTGAATATGTACACTGTTGATTTACGCACACAAGTTGATTTAGCTAAAGAAGTCTTTTCTATACCAGTAGATATTGCCTCACAACCTTTAGCCACTACTCTCATAGGAGA
543	754	750	-	CCAGATGATGCGACTGCTATTGACAAACCCACACAACCTGATACATCATCCAACAGATTCTACACCTTGGACAGTCGTTCTTGGACATCTGCCTCATCTGGATGGTGGTGGAAATTGCCTGATGCCCTTAAAAACATGGGTATATTTGGT
545	4615	750	-	CAATTGTATAGTCATATAAAGGAAGAAGATAGGAGAAGAAGCAGTGCAGCACAAGCAATGGAGGCTATATTTCAAGGTATAGACCTCCAATCTCCTCCACCTCCAGCCATAGCTGACCTCCTTAGGTCTGTGAAAACACCAGAGATCATT
546	4299	750	-	TTTCATACCTCCTATGGCAGATCTTCCAGATAAAGGAAAACCATTTACATCCAAGTTTGTACTTGCAAGCACTAATCACACTCTACTAACACCACCAACAGTATCTTCATTACCAGCAATGGCAAGAAGGTTTTACTTTGATCTAGACAT
547	3095	750	-	CTATTCTTGTATCATACTCCAGTGATCTAATCATATATCGAACAAACACTGAAGGTAATGATGTGATCCCTAATTGTGATTGCACTGAATGTACATATTACTGCCACCACAAAGATAGGTATTTTCCTATCAGAGTTACTGCACATGATT
548	6148	750	-	GGTTCAGCAGTAGGGTGTGACCCTGAAGTATTCTGGTCAACTATACCTCTCATGCTAGATGGAGAATGTTTAATGGCTTTTGATTATTCAAACTATGATGGTAGCCTACATCCCGTTTGGTTTAAATGTCTTAGTATGCTCTTAGAAGAC
550	790	750	-	CCTGATACATCATCCAACAGATTCTACACCTTGGACAGTCGTTCTTGGACATCTGCCTCATCTGGATGGTGGTGGAAATTGCCTGATGCCCTTAAAAACATGGGTATATTTGGTGAAAATATGTTTTACCATTTTCTAGGGAGATCTGGA
551	453	750	-	ACACTCCACACAAAATTCAGTGAGCAATGGATCTAGCTTAAATTATTTCAACATCAATTATTTTAAAGACGCAGCTTCAAGTGGTGCTTCTAGATTGGATTTTTCTCAAGACCCTAGTAAATTTACTGATCCTGTTAAAGATGTGTTAGA
552	3466	750	-	CTTGGTCAAGTCTTTGGTGTAGGCTTCGTAGACAGCATCAAACAACAGGTAAACTTTATCAACCCCACTAGTAAAATTGGTTCAAAAGTGATTAAATGGTTGTTGAGGATAGTTTCAGCTATGATAATAATGGTAAGGAATAGTTCTGAT
554	3496	750	-	GACAGCATCAAACAACAGGTAAACTTTATCAACCCCACTAGTAAAATTGGTTCAAAAGTGATTAAATGGTTGTTGAGGATAGTTTCAGCTATGATAATAATGGTAAGGAATAGTTCTGATCCACAAACTGTAATTGCCACTCTCACCCTT
556	2153	750	-	ATTATATAGATAGTGTATTAAATGAAGTTCTTGTGGTGCCAAATATCCAACCTAGCACATCTGTGTCAAGTCATGCAGCGCCTGCATTGGATGCTGCGGAAACCGGACACACCAGCTCTGTTCAACCTGAAGATATGATTGAAACTAGAT
561	0	750	-	ATGCGGTGTTGTACTCTGTTATTACGGTAACTTTGTACGCCAGTTTTTCCCACCCTTCCCCATAATGTAACTTAGAAGTTTGTACAATATGACCAATAGGTGACAATCATCCAGACTGTCAAAGGTCAAGCACTTCTGTTTCCCCGGTCA
562	6710	750	-	CTGAGATTCATGACTCCATCAGATGGACCAAAAACCCTTCATGTATGCAGGAACACGTGCTATCTTTGTGTCATTTAATGTGGCATAATGGTAGACATGCATACCAGGAATTCATTAAAGGTATACGCAGTGTATCTGCCGGTCGGGCAC
563	1864	750	-	GCCATGCTTGGTACACATTTAGTGTGGGATGTGGGGTTGCAGTCCACCGCCTCACTAGTTGTACCATGGGTTAGTGCTAGCCATTTTAGATTCACTACACCTGACACATATTCCTCAGCTGGTTATATTACATGCTGGTACCAGACCAAC
564	3912	750	-	TAGACTTGCACCTGCTAGTGTTCAGGAGAAAATTTTCATTGAAATAAACACCCTTCATGATTTATCCTTAAAATTCTTACCACTGTATGCATCTGAAGCACGTAGAATTAAGAATTTATATATCAAATGCAGTAATGTTATTAAAGGGGG
566	4476	750	-	TGGCAAACTAGATATAGCAAAAAGCTTTCGACCATGTGATGTTAATATTAAAATAGGCAATGCTAAGTGCTGTCCATTTATCTGTGGAAAAGCTGTAGAGTTTAAAGATAGAAATTCATGTACAACCTTGTCTTTATCTCAATTGTATAG
571	6655	750	-	GGATTCAGAGCTGATGAGCGCCACTCTTTCCTTATACACCCTACCTTTCCTGTGGCTGAGATTCATGACTCCATCAGATGGACCAAAAACCCTTCATGTATGCAGGAACACGTGCTATCTTTGTGTCATTTAATGTGGCATAATGGTAGA
572	2686	750	-	AGATTCACAATCCCTTTTATGAGCATTGCATCAGCCTATTACATGTTTTATGATGGTTATGATGGTGATAGTGCAGCATCAAAATACGGTTCTGTAGTCACTAATGATATGGGAACCATATGTGTTAGAATAGTGACATCCAACCAAAAA
574	572	750	-	AATTTACTGATCCTGTTAAAGATGTGTTAGAAAAGGGTATTCCAACACTTCAATCACCAACAGTTGAAGCTTGTGGTTATTCAGACAGACTAATACAGATAACCCGAGGAGATTCCACTATAACATCCCAAGATACTGCAAATGCAGTTG
575	2429	750	-	GATTCAAAACATGGAAGGTTAGTCTTCAAGAAATGGCACAAATCAGAAGAAAATATGAATTATTCACATATACAAGATTTGATTCAGAGATAACAATAGTCACTGCAGCCGCAGCTCAAGGAAATGATAGTGGACATATAGTATTGCAAT
576	3533	750	-	CTAGTAAAATTGGTTCAAAAGTGATTAAATGGTTGTTGAGGATAGTTTCAGCTATGATAATAATGGTAAGGAATAGTTCTGATCCACAAACTGTAATTGCCACTCTCACCCTTCTAGGTTGTTCAGGCTCACCATGGAGGTTTCTTAAAG
577	5875	750	-	GCAGGATTTCCTTATGTTTCACTGGGAATAAAGAAGAAAGATCTTATAGATAAAAAGACCAAAGACATCACAAAACTTAGGAAAGCAATTGATGAATATGGTATTGATTTGCCTATGGTTACTTTTCTGAAAGATGAACTTAGAAAGAAG
579	1393	750	-	CCAAGAAGTAAGGTTGTGTTTAGTACCACTCAGGGTTTACCAGTTATGTTAACACCTGGATCTGGGCAATTCTTAACAACTGATGATACTCAATCCCCATCAGCGTTTCCATACTTCCACCCGACCAAGGAAATATTTATACCTGGACAA
580	6394	750	-	TGTGCTGGTACTAGTATTTTTAATACAATAATCAACAATATTATCATTAGAACTTTGGTACTAGATGCTTATAAGAACATAGATCTAGATAAACTGAAAATCTTAGCATATGGGGATGATGTCATCTTTTCTTATAATTTTAAACTTGAC
584	2106	750	-	TAACCTACACACACAAGAAGGAGTACTCACACAAAACCCAGTTGAAAATTATATAGATAGTGTATTAAATGAAGTTCTTGTGGTGCCAAATATCCAACCTAGCACATCTGTGTCAAGTCATGCAGCGCCTGCATTGGATGCTGCGGAAAC
585	0	750	-	GTTTCCCCGGTCAATGAGGATATGCTTTACCCAAGGCAAAAACCTTAGAGATCGTTATCCCCACACTGCCTACACAGAGCCCAGTACCATTTTTGATATAATTGGGTTGGTCGCTCCCTGCAAACCCAGCAGTAGACCTGGCAGATGAGG
586	1081	750	-	GGTAGAGAAGTAGTACCATCACGGACATCTAGTGATAATAAAAGACCTAGTGATGACAGTTGGTTAAATTTTGATGGAACATTACTTGGTAACTTACCTATTTATCCCCACCAATACATTAATCTAAGGACTAACAATTCAGCTACCCTT
587	2737	750	-	GATGGTTATGATGGTGATAGTGCAGCATCAAAATACGGTTCTGTAGTCACTAATGATATGGGAACCATATGTGTTAGAATAGTGACATCCAACCAAAAACACGATTCAAATATTGTGTGCCGCATTTACCACAAGGCCAAACATATAAAA
589	2330	750	-	AAACAAGTATTGAGAGTTTCTTAGGTAGGTCAGGGTGTATCGCTATGATAGAATTTAATACAAGTAGTGATAAAACTGAACATGATAAAATTGGTAAAGGATTCAAAACATGGAAGGTTAGTCTTCAAGAAATGGCACAAATCAGAAGAA
590	6018	750	-	AAAGAAGGAAAAAATAAAAGATGGAAAGACTAGAGTCATAGAAGCTAATAGTGTGAATGATACTGTGTTATTCAGAAGTGTATTTGGAAATCTTTTCTCTGCTTTCCACAAAAACCCAGGTATAGTCACTGGTTCAGCAGTAGGGTGTGA
597	5212	750	-	ATTAGAAATGAGAAGTTTAAAGACATCAGAAAATATTTACCCTCACGTGAAGATGACTATCCTGCTTGTAACCTTGCCTTACTAGCTAATCAAGATGAGCCAACAATAATAAGTGTTGGTGATGCAGTATCTTATGGTAACATCTTATTG
598	3158	750	-	TGATCCCTAATTGTGATTGCACTGAATGTACATATTACTGCCACCACAAAGATAGGTATTTTCCTATCAGAGTTACTGCACATGATTGGTATGAGATTCAAGAATCAGAATATTACCCAAAACATATCCAATATAATCTCCTGATTGGAG
600	2310	750	-	AACTGATCAAACAAGGGATGAAACAAGTATTGAGAGTTTCTTAGGTAGGTCAGGGTGTATCGCTATGATAGAATTTAATACAAGTAGTGATAAAACTGAACATGATAAAATTGGTAAAGGATTCAAAACATGGAAGGTTAGTCTTCAAGA
603	1238	750	-	CTTATGTCAATGCTGTACCAATGGACTCTATGCTTAGACATAATAATTGGAGCTTGGTTATAATCCCAATATGCCCTCTTCAGGTCCAACCTGGGGGGACACAATCCATACCTATAACAGTATCAATTAGCCCTATGTTTTCAGAATTTT
604	4459	750	-	AAAGAGTATCTTTTAGATGGCAAACTAGATATAGCAAAAAGCTTTCGACCATGTGATGTTAATATTAAAATAGGCAATGCTAAGTGCTGTCCATTTATCTGTGGAAAAGCTGTAGAGTTTAAAGATAGAAATTCATGTACAACCTTGTCT
605	2403	750	-	AACTGAACATGATAAAATTGGTAAAGGATTCAAAACATGGAAGGTTAGTCTTCAAGAAATGGCACAAATCAGAAGAAAATATGAATTATTCACATATACAAGATTTGATTCAGAGATAACAATAGTCACTGCAGCCGCAGCTCAAGGAAA
607	4645	750	-	AGGAGAAGAAGCAGTGCAGCACAAGCAATGGAGGCTATATTTCAAGGTATAGACCTCCAATCTCCTCCACCTCCAGCCATAGCTGACCTCCTTAGGTCTGTGAAAACACCAGAGATCATTAAGTATTGCCAAGATAATAATTGGATTGTT
608	6150	750	-	TTCAGCAGTAGGGTGTGACCCTGAAGTATTCTGGTCAACTATACCTCTCATGCTAGATGGAGAATGTTTAATGGCTTTTGATTATTCAAACTATGATGGTAGCCTACATCCCGTTTGGTTTAAATGTCTTAGTATGCTCTTAGAAGACAT
611	6613	750	-	TTCCAAGAATTGACCTATAAAAATGTAACTTTTCTTAAAAGAGGATTCAGAGCTGATGAGCGCCACTCTTTCCTTATACACCCTACCTTTCCTGTGGCTGAGATTCATGACTCCATCAGATGGACCAAAAACCCTTCATGTATGCAGGAA
612	1946	750	-	ATTTTAGATTCACTACACCTGACACATATTCCTCAGCTGGTTATATTACATGCTGGTACCAGACCAACTTTGTAGTACCTGATAGTACTCCAGATAACGCCAAAATGGTGTGCATGGTTTCTGCATGCAAAGATTTTTGCTTAAGATTAG
613	5368	750	-	ACCAATACTGCACGAATGATCAAGTACCATTACCCGACAAAAGCTGGATATTGTGGGGGTGTTTTGTACAAGGTTGGCTCTATTCTTGGTATACATGTTGGTGGCAATGGTAGAGATGGATTTTCTGCAATGCTTCTCAAATCTTATTTT
614	4530	750	-	AGGCAATGCTAAGTGCTGTCCATTTATCTGTGGAAAAGCTGTAGAGTTTAAAGATAGAAATTCATGTACAACCTTGTCTTTATCTCAATTGTATAGTCATATAAAGGAAGAAGATAGGAGAAGAAGCAGTGCAGCACAAGCAATGGAGGC
616	2104	750	-	ACTAACCTACACACACAAGAAGGAGTACTCACACAAAACCCAGTTGAAAATTATATAGATAGTGTATTAAATGAAGTTCTTGTGGTGCCAAATATCCAACCTAGCACATCTGTGTCAAGTCATGCAGCGCCTGCATTGGATGCTGCGGAA
617	236	750	-	GTGCTTCCTCCGGCCCCTGAATGTGGCTAACCTTAACCCTGCAGCCGTTGCCCATAATCCAATGGGTTTGCGGTCGTAATGCGTAAGTGCGGGATGGGACCAACTACTTTGGGTGTCCGTGTTTCCTGTTTTTCTTTTGATTGCATTTTA
620	6443	750	-	GAACTTTGGTACTAGATGCTTATAAGAACATAGATCTAGATAAACTGAAAATCTTAGCATATGGGGATGATGTCATCTTTTCTTATAATTTTAAACTTGACATGGCAGTTCTTGCCAAAGAAGGAGAAAAATATGGACTAACAATCACCC
630	0	750	-	ACTCACTCCACCCATGCGGTGTTGTACTCTGTTATTACGGTAACTTTGTACGCCAGTTTTTCCCACCCTTCCCCATAATGTAACTTAGAAGTTTGTACAATATGACCAATAGGTGACAATCATCCAGACTGTCAAAGGTCAAGCACTTCT
633	1991	750	-	TTACATGCTGGTACCAGACCAACTTTGTAGTACCTGATAGTACTCCAGATAACGCCAAAATGGTGTGCATGGTTTCTGCATGCAAAGATTTTTGCTTAAGATTAGCCAGAGATACTAACCTACACACACAAGAAGGAGTACTCACACAAA
634	4540	750	-	AAGTGCTGTCCATTTATCTGTGGAAAAGCTGTAGAGTTTAAAGATAGAAATTCATGTACAACCTTGTCTTTATCTCAATTGTATAGTCATATAAAGGAAGAAGATAGGAGAAGAAGCAGTGCAGCACAAGCAATGGAGGCTATATTTCAA
635	729	750	-	TGGTGTGTGGCCATCATACTTGACTCCAGATGATGCGACTGCTATTGACAAACCCACACAACCTGATACATCATCCAACAGATTCTACACCTTGGACAGTCGTTCTTGGACATCTGCCTCATCTGGATGGTGGTGGAAATTGCCTGATGC
637	5936	750	-	AAGACATCACAAAACTTAGGAAAGCAATTGATGAATATGGTATTGATTTGCCTATGGTTACTTTTCTGAAAGATGAACTTAGAAAGAAGGAAAAAATAAAAGATGGAAAGACTAGAGTCATAGAAGCTAATAGTGTGAATGATACTGTGT
639	1895	750	-	TGGGGTTGCAGTCCACCGCCTCACTAGTTGTACCATGGGTTAGTGCTAGCCATTTTAGATTCACTACACCTGACACATATTCCTCAGCTGGTTATATTACATGCTGGTACCAGACCAACTTTGTAGTACCTGATAGTACTCCAGATAACG
640	1233	750	-	TTTACCTTATGTCAATGCTGTACCAATGGACTCTATGCTTAGACATAATAATTGGAGCTTGGTTATAATCCCAATATGCCCTCTTCAGGTCCAACCTGGGGGGACACAATCCATACCTATAACAGTATCAATTAGCCCTATGTTTTCAGA
642	411	750	-	TGTCATCATGGGTGCACAAGTATCTAGACAAAATGTTGGGACACACTCCACACAAAATTCAGTGAGCAATGGATCTAGCTTAAATTATTTCAACATCAATTATTTTAAAGACGCAGCTTCAAGTGGTGCTTCTAGATTGGATTTTTCTCA
643	3328	750	-	GATTGTGGAGGAAAACTATTGTGTAAACATGGTGTTATAGGTATGATTACAGCTGGAGGTGAAGGTCACGTTGCTTTTATTGACCTGAGAAAATTCCAGTGTGCTGAGGAGCAAGGGTTATCTGATTATGTGGAACATCTTGGTCAAGTC
645	2344	750	-	AGTTTCTTAGGTAGGTCAGGGTGTATCGCTATGATAGAATTTAATACAAGTAGTGATAAAACTGAACATGATAAAATTGGTAAAGGATTCAAAACATGGAAGGTTAGTCTTCAAGAAATGGCACAAATCAGAAGAAAATATGAATTATTC
646	6757	750	-	CAGGAACACGTGCTATCTTTGTGTCATTTAATGTGGCATAATGGTAGACATGCATACCAGGAATTCATTAAAGGTATACGCAGTGTATCTGCCGGTCGGGCACTGTATATACCAGCTTATGAAGTTCTTGAACATGAATGGTATGAAAAA
647	3478	750	-	TTTGGTGTAGGCTTCGTAGACAGCATCAAACAACAGGTAAACTTTATCAACCCCACTAGTAAAATTGGTTCAAAAGTGATTAAATGGTTGTTGAGGATAGTTTCAGCTATGATAATAATGGTAAGGAATAGTTCTGATCCACAAACTGTA
649	935	750	-	CTGGATACACAATACATGTACAATGTAATTCTAGCAAGTTTCATCAGGGTTTATTAATAGTTGCCGCCATCCCAGAACATCAATTGGCATCTGCAACAAGTGGAAATGTATCAGTCGGGTACAATCACACCCACCCAGGTGAGCAAGGTA
651	3552	750	-	AGTGATTAAATGGTTGTTGAGGATAGTTTCAGCTATGATAATAATGGTAAGGAATAGTTCTGATCCACAAACTGTAATTGCCACTCTCACCCTTCTAGGTTGTTCAGGCTCACCATGGAGGTTTCTTAAAGAGAAACTCTGTGCGTGGCT
653	6317	750	-	TTATTAACCAGATCTGTAACTCTAAACATATATACAAATCTAAGTATTATGAAGTGGAAGGAGGTATGCCATCTGGATGTGCTGGTACTAGTATTTTTAATACAATAATCAACAATATTATCATTAGAACTTTGGTACTAGATGCTTATA
656	4275	750	-	TTGCCAAATGGTATCGAGTGTCCCTTTCATACCTCCTATGGCAGATCTTCCAGATAAAGGAAAACCATTTACATCCAAGTTTGTACTTGCAAGCACTAATCACACTCTACTAACACCACCAACAGTATCTTCATTACCAGCAATGGCAAG
657	4456	750	-	AAGAAAGAGTATCTTTTAGATGGCAAACTAGATATAGCAAAAAGCTTTCGACCATGTGATGTTAATATTAAAATAGGCAATGCTAAGTGCTGTCCATTTATCTGTGGAAAAGCTGTAGAGTTTAAAGATAGAAATTCATGTACAACCTTG
659	3419	750	-	AATTCCAGTGTGCTGAGGAGCAAGGGTTATCTGATTATGTGGAACATCTTGGTCAAGTCTTTGGTGTAGGCTTCGTAGACAGCATCAAACAACAGGTAAACTTTATCAACCCCACTAGTAAAATTGGTTCAAAAGTGATTAAATGGTTGT
663	2277	750	-	ACCTGAAGATATGATTGAAACTAGATATGTTATAACTGATCAAACAAGGGATGAAACAAGTATTGAGAGTTTCTTAGGTAGGTCAGGGTGTATCGCTATGATAGAATTTAATACAAGTAGTGATAAAACTGAACATGATAAAATTGGTAA
667	3045	750	-	TAACTTAATCTATAGAAATCTTCATCTCTTTAATTCTGATCTTGATGATTCTATTCTTGTATCATACTCCAGTGATCTAATCATATATCGAACAAACACTGAAGGTAATGATGTGATCCCTAATTGTGATTGCACTGAATGTACATATTA
671	4930	750	-	GGGGAACCTAAACCCAAAAGCAGAGCTCCAGAGAGAAGAGTAGTTACTCAGGGCCCAGAGGAAGAGTTTGGTCGCTCACTACTCAAACATAATTGCTGTGTTGTGACAACCGACAAAGGCAAATTCACAGGTCTTGGCATATATGACCAA
674	5947	750	-	AAACTTAGGAAAGCAATTGATGAATATGGTATTGATTTGCCTATGGTTACTTTTCTGAAAGATGAACTTAGAAAGAAGGAAAAAATAAAAGATGGAAAGACTAGAGTCATAGAAGCTAATAGTGTGAATGATACTGTGTTATTCAGAAGT
676	5045	750	-	AAGGCAAATTCACAGGTCTTGGCATATATGACCAAGTCATGGTACTTCCAACACATTCTGACCCAGGCTCTGAGATCTTGGTAGATGGAGTAAAAGTTAAGGTCTCTGATTCCTATGATTTGCATAACCATGAGGGTGTTAAGCTAGAGA
677	3947	750	-	TCATTGAAATAAACACCCTTCATGATTTATCCTTAAAATTCTTACCACTGTATGCATCTGAAGCACGTAGAATTAAGAATTTATATATCAAATGCAGTAATGTTATTAAAGGGGGAAAGAGGAATGAACCAGTTGCAGTTCTAATACATG
678	2612	750	-	AAAAACGTGATGATTACACATGGCAATCAGGAACAAATGCATCTGTGTTCTGGCAAGAAGGACAACCATACCCCAGATTCACAATCCCTTTTATGAGCATTGCATCAGCCTATTACATGTTTTATGATGGTTATGATGGTGATAGTGCAG
679	1553	750	-	TAATTGAAATGTGCCAAGTTGACACACTCATTCCTGTTAACAATACACAGGAAAATGTAAGATCTGTGAATATGTACACTGTTGATTTACGCACACAAGTTGATTTAGCTAAAGAAGTCTTTTCTATACCAGTAGATATTGCCTCACAAC
681	161	750	-	CGTGGCTGCCTGCTCACCCTTCTTGGGTGAGAAGCCTAATTATTGACAAGGTGTGAAGAGCCGCGTGTGCTCAGTGTGCTTCCTCCGGCCCCTGAATGTGGCTAACCTTAACCCTGCAGCCGTTGCCCATAATCCAATGGGTTTGCGGTC
684	2860	750	-	ATTTACCACAAGGCCAAACATATAAAAGCATGGTGTCCTCGCCCACCAAGGGCTGTTGCCTATCAACACACACACTCAACCAATTACATACCATCCAATGGTGAGGCCACAACTCAGATTAAAACCAGACCTGATGTTTTTACCGTTACA
687	0	750	-	CAAAGGTCAAGCACTTCTGTTTCCCCGGTCAATGAGGATATGCTTTACCCAAGGCAAAAACCTTAGAGATCGTTATCCCCACACTGCCTACACAGAGCCCAGTACCATTTTTGATATAATTGGGTTGGTCGCTCCCTGCAAACCCAGCAG
688	1694	750	-	CCTCACAACCTTTAGCCACTACTCTCATAGGAGAACTTGCAAGCTATTACACACACTGGACTGGTAGTCTGCGCTTTAGCTTTATGTTTTGTGGTTCTGCTAGCTCTACTTTGAAACTATTAATTGCATACACTCCTCCTGGTGTTGGAA
690	2946	750	-	CATACCATCCAATGGTGAGGCCACAACTCAGATTAAAACCAGACCTGATGTTTTTACCGTTACAAACGTCGGACCATCTAGTATGTTTGTACATGTGGGTAACTTAATCTATAGAAATCTTCATCTCTTTAATTCTGATCTTGATGATTC
692	4275	750	-	TTGCCAAATGGTATCGAGTGTCCCTTTCATACCTCCTATGGCAGATCTTCCAGATAAAGGAAAACCATTTACATCCAAGTTTGTACTTGCAAGCACTAATCACACTCTACTAACACCACCAACAGTATCTTCATTACCAGCAATGGCAAG
693	337	750	-	AACTACTTTGGGTGTCCGTGTTTCCTGTTTTTCTTTTGATTGCATTTTATGGTGACAATTTATAGTGTATAGATTGTCATCATGGGTGCACAAGTATCTAGACAAAATGTTGGGACACACTCCACACAAAATTCAGTGAGCAATGGATCT
695	1984	750	-	GGTTATATTACATGCTGGTACCAGACCAACTTTGTAGTACCTGATAGTACTCCAGATAACGCCAAAATGGTGTGCATGGTTTCTGCATGCAAAGATTTTTGCTTAAGATTAGCCAGAGATACTAACCTACACACACAAGAAGGAGTACTC
696	4366	750	-	AGCACTAATCACACTCTACTAACACCACCAACAGTATCTTCATTACCAGCAATGGCAAGAAGGTTTTACTTTGATCTAGACATTCAAGTTAAGAAAGAGTATCTTTTAGATGGCAAACTAGATATAGCAAAAAGCTTTCGACCATGTGAT
697	3369	750	-	TATGATTACAGCTGGAGGTGAAGGTCACGTTGCTTTTATTGACCTGAGAAAATTCCAGTGTGCTGAGGAGCAAGGGTTATCTGATTATGTGGAACATCTTGGTCAAGTCTTTGGTGTAGGCTTCGTAGACAGCATCAAACAACAGGTAAA
699	5738	750	-	TGACCCCACACATGAAAATTGCTGTAGCACATTATGCAGCACAGTTATCTACACTAGACATAAATCCTCAACCCCTTTCATTGGAAGAGAGTGTGTTTGGTATTGAGGGATTAGAAGCTTTGGATTTAAATACTAGTGCAGGATTTCCTT
700	6603	750	-	GTCTGATGTTTTCCAAGAATTGACCTATAAAAATGTAACTTTTCTTAAAAGAGGATTCAGAGCTGATGAGCGCCACTCTTTCCTTATACACCCTACCTTTCCTGTGGCTGAGATTCATGACTCCATCAGATGGACCAAAAACCCTTCATG
704	2398	750	-	GATAAAACTGAACATGATAAAATTGGTAAAGGATTCAAAACATGGAAGGTTAGTCTTCAAGAAATGGCACAAATCAGAAGAAAATATGAATTATTCACATATACAAGATTTGATTCAGAGATAACAATAGTCACTGCAGCCGCAGCTCAA
705	0	750	-	TTGTTCCCACTCACTCCACCCATGCGGTGTTGTACTCTGTTATTACGGTAACTTTGTACGCCAGTTTTTCCCACCCTTCCCCATAATGTAACTTAGAAGTTTGTACAATATGACCAATAGGTGACAATCATCCAGACTGTCAAAGGTCAA
706	246	750	-	CGGCCCCTGAATGTGGCTAACCTTAACCCTGCAGCCGTTGCCCATAATCCAATGGGTTTGCGGTCGTAATGCGTAAGTGCGGGATGGGACCAACTACTTTGGGTGTCCGTGTTTCCTGTTTTTCTTTTGATTGCATTTTATGGTGACAAT
707	4474	750	-	GATGGCAAACTAGATATAGCAAAAAGCTTTCGACCATGTGATGTTAATATTAAAATAGGCAATGCTAAGTGCTGTCCATTTATCTGTGGAAAAGCTGTAGAGTTTAAAGATAGAAATTCATGTACAACCTTGTCTTTATCTCAATTGTAT
708	3510	750	-	ACAGGTAAACTTTATCAACCCCACTAGTAAAATTGGTTCAAAAGTGATTAAATGGTTGTTGAGGATAGTTTCAGCTATGATAATAATGGTAAGGAATAGTTCTGATCCACAAACTGTAATTGCCACTCTCACCCTTCTAGGTTGTTCAGG
709	1791	750	-	TGCTAGCTCTACTTTGAAACTATTAATTGCATACACTCCTCCTGGTGTTGGAAAACCTAAATCCAGGAGAGAAGCCATGCTTGGTACACATTTAGTGTGGGATGTGGGGTTGCAGTCCACCGCCTCACTAGTTGTACCATGGGTTAGTGC
713	3217	750	-	TTTCCTATCAGAGTTACTGCACATGATTGGTATGAGATTCAAGAATCAGAATATTACCCAAAACATATCCAATATAATCTCCTGATTGGAGAGGGTCCTTGTGAACCAGGAGATTGTGGAGGAAAACTATTGTGTAAACATGGTGTTATA
715	3928	750	-	AGTGTTCAGGAGAAAATTTTCATTGAAATAAACACCCTTCATGATTTATCCTTAAAATTCTTACCACTGTATGCATCTGAAGCACGTAGAATTAAGAATTTATATATCAAATGCAGTAATGTTATTAAAGGGGGAAAGAGGAATGAACCA
716	4969	750	-	GTAGTTACTCAGGGCCCAGAGGAAGAGTTTGGTCGCTCACTACTCAAACATAATTGCTGTGTTGTGACAACCGACAAAGGCAAATTCACAGGTCTTGGCATATATGACCAAGTCATGGTACTTCCAACACATTCTGACCCAGGCTCTGAG
718	5465	750	-	TTGGTGGCAATGGTAGAGATGGATTTTCTGCAATGCTTCTCAAATCTTATTTTGGTGAAACCCAGGGTTTAATCACTAAAGAACTTCCTGTATCTGTAAAGAACTTACCATCCGTACATGTTTCATCTAAAACCCGACTACAACCTAGTG
720	3414	750	-	GAGAAAATTCCAGTGTGCTGAGGAGCAAGGGTTATCTGATTATGTGGAACATCTTGGTCAAGTCTTTGGTGTAGGCTTCGTAGACAGCATCAAACAACAGGTAAACTTTATCAACCCCACTAGTAAAATTGGTTCAAAAGTGATTAAATG
721	3786	750	-	GATTGGACAAAAGATATCTAAATTTATAGATTGGATAAAGAGTATGTTACCACAGGCTCAATTGAAAATTGATTACCTAACCAAATTAAAACAACTTAATCTCTTAGAGAAACAAATAGAAACAATTAGACTTGCACCTGCTAGTGTTCA
722	4725	750	-	AGCTGACCTCCTTAGGTCTGTGAAAACACCAGAGATCATTAAGTATTGCCAAGATAATAATTGGATTGTTCCAGCAGAGTGTTCTATTGAAAGAGATTTAGGGATAGCAAATATGACTATAGGTATAATAGCTAATGTGGTCTCTATAGT
724	4678	750	-	GCTATATTTCAAGGTATAGACCTCCAATCTCCTCCACCTCCAGCCATAGCTGACCTCCTTAGGTCTGTGAAAACACCAGAGATCATTAAGTATTGCCAAGATAATAATTGGATTGTTCCAGCAGAGTGTTCTATTGAAAGAGATTTAGGG
725	0	750	-	TCAATGAGGATATGCTTTACCCAAGGCAAAAACCTTAGAGATCGTTATCCCCACACTGCCTACACAGAGCCCAGTACCATTTTTGATATAATTGGGTTGGTCGCTCCCTGCAAACCCAGCAGTAGACCTGGCAGATGAGGCTGGACATTC
726	2077	750	-	GATTTTTGCTTAAGATTAGCCAGAGATACTAACCTACACACACAAGAAGGAGTACTCACACAAAACCCAGTTGAAAATTATATAGATAGTGTATTAAATGAAGTTCTTGTGGTGCCAAATATCCAACCTAGCACATCTGTGTCAAGTCAT
729	4969	750	-	GTAGTTACTCAGGGCCCAGAGGAAGAGTTTGGTCGCTCACTACTCAAACATAATTGCTGTGTTGTGACAACCGACAAAGGCAAATTCACAGGTCTTGGCATATATGACCAAGTCATGGTACTTCCAACACATTCTGACCCAGGCTCTGAG
732	885	750	-	AAACATGGGTATATTTGGTGAAAATATGTTTTACCATTTTCTAGGGAGATCTGGATACACAATACATGTACAATGTAATTCTAGCAAGTTTCATCAGGGTTTATTAATAGTTGCCGCCATCCCAGAACATCAATTGGCATCTGCAACAAG
733	6793	750	-	CATAATGGTAGACATGCATACCAGGAATTCATTAAAGGTATACGCAGTGTATCTGCCGGTCGGGCACTGTATATACCAGCTTATGAAGTTCTTGAACATGAATGGTATGAAAAATTTTAGATATAAAACTGTTAAATATAGCTAGTTTAT
737	6505	750	-	GGGGATGATGTCATCTTTTCTTATAATTTTAAACTTGACATGGCAGTTCTTGCCAAAGAAGGAGAAAAATATGGACTAACAATCACCCCTGCTGATAAGTCTGATGTTTTCCAAGAATTGACCTATAAAAATGTAACTTTTCTTAAAAGA
738	3331	750	-	TGTGGAGGAAAACTATTGTGTAAACATGGTGTTATAGGTATGATTACAGCTGGAGGTGAAGGTCACGTTGCTTTTATTGACCTGAGAAAATTCCAGTGTGCTGAGGAGCAAGGGTTATCTGATTATGTGGAACATCTTGGTCAAGTCTTT
739	6523	750	-	TCTTATAATTTTAAACTTGACATGGCAGTTCTTGCCAAAGAAGGAGAAAAATATGGACTAACAATCACCCCTGCTGATAAGTCTGATGTTTTCCAAGAATTGACCTATAAAAATGTAACTTTTCTTAAAAGAGGATTCAGAGCTGATGAG
740	556	750	-	TCTCAAGACCCTAGTAAATTTACTGATCCTGTTAAAGATGTGTTAGAAAAGGGTATTCCAACACTTCAATCACCAACAGTTGAAGCTTGTGGTTATTCAGACAGACTAATACAGATAACCCGAGGAGATTCCACTATAACATCCCAAGAT
742	5550	750	-	TCCTGTATCTGTAAAGAACTTACCATCCGTACATGTTTCATCTAAAACCCGACTACAACCTAGTGTTTTTCATGATGTTTTCCCTGGAACAAAAGAGCCTGCAGTTCTTAGTAGTAATGATCCAAGACTAGAAACTGACTTTGACTCAGC
743	6535	750	-	AAACTTGACATGGCAGTTCTTGCCAAAGAAGGAGAAAAATATGGACTAACAATCACCCCTGCTGATAAGTCTGATGTTTTCCAAGAATTGACCTATAAAAATGTAACTTTTCTTAAAAGAGGATTCAGAGCTGATGAGCGCCACTCTTTC
744	0	750	-	TGGGAGTGGGTTGTTCCCACTCACTCCACCCATGCGGTGTTGTACTCTGTTATTACGGTAACTTTGTACGCCAGTTTTTCCCACCCTTCCCCATAATGTAACTTAGAAGTTTGTACAATATGACCAATAGGTGACAATCATCCAGACTGT
745	853	750	-	GGATGGTGGTGGAAATTGCCTGATGCCCTTAAAAACATGGGTATATTTGGTGAAAATATGTTTTACCATTTTCTAGGGAGATCTGGATACACAATACATGTACAATGTAATTCTAGCAAGTTTCATCAGGGTTTATTAATAGTTGCCGCC
746	833	750	-	CTTGGACATCTGCCTCATCTGGATGGTGGTGGAAATTGCCTGATGCCCTTAAAAACATGGGTATATTTGGTGAAAATATGTTTTACCATTTTCTAGGGAGATCTGGATACACAATACATGTACAATGTAATTCTAGCAAGTTTCATCAGG
747	3556	750	-	ATTAAATGGTTGTTGAGGATAGTTTCAGCTATGATAATAATGGTAAGGAATAGTTCTGATCCACAAACTGTAATTGCCACTCTCACCCTTCTAGGTTGTTCAGGCTCACCATGGAGGTTTCTTAAAGAGAAACTCTGTGCGTGGCTCCAG
748	964	750	-	TCTAGCAAGTTTCATCAGGGTTTATTAATAGTTGCCGCCATCCCAGAACATCAATTGGCATCTGCAACAAGTGGAAATGTATCAGTCGGGTACAATCACACCCACCCAGGTGAGCAAGGTAGAGAAGTAGTACCATCACGGACATCTAGT
749	0	750	-	TTTGTACGCCAGTTTTTCCCACCCTTCCCCATAATGTAACTTAGAAGTTTGTACAATATGACCAATAGGTGACAATCATCCAGACTGTCAAAGGTCAAGCACTTCTGTTTCCCCGGTCAATGAGGATATGCTTTACCCAAGGCAAAAACC
751	1057	750	-	AATCACACCCACCCAGGTGAGCAAGGTAGAGAAGTAGTACCATCACGGACATCTAGTGATAATAAAAGACCTAGTGATGACAGTTGGTTAAATTTTGATGGAACATTACTTGGTAACTTACCTATTTATCCCCACCAATACATTAATCTA
752	240	750	-	TTCCTCCGGCCCCTGAATGTGGCTAACCTTAACCCTGCAGCCGTTGCCCATAATCCAATGGGTTTGCGGTCGTAATGCGTAAGTGCGGGATGGGACCAACTACTTTGGGTGTCCGTGTTTCCTGTTTTTCTTTTGATTGCATTTTATGGT
753	2206	750	-	AGCACATCTGTGTCAAGTCATGCAGCGCCTGCATTGGATGCTGCGGAAACCGGACACACCAGCTCTGTTCAACCTGAAGATATGATTGAAACTAGATATGTTATAACTGATCAAACAAGGGATGAAACAAGTATTGAGAGTTTCTTAGGT
754	3979	750	-	TTAAAATTCTTACCACTGTATGCATCTGAAGCACGTAGAATTAAGAATTTATATATCAAATGCAGTAATGTTATTAAAGGGGGAAAGAGGAATGAACCAGTTGCAGTTCTAATACATGGTTCTCCTGGTACTGGAAAATCTCTTGCCACT
755	812	750	-	TCTACACCTTGGACAGTCGTTCTTGGACATCTGCCTCATCTGGATGGTGGTGGAAATTGCCTGATGCCCTTAAAAACATGGGTATATTTGGTGAAAATATGTTTTACCATTTTCTAGGGAGATCTGGATACACAATACATGTACAATGTA
756	4551	750	-	ATTTATCTGTGGAAAAGCTGTAGAGTTTAAAGATAGAAATTCATGTACAACCTTGTCTTTATCTCAATTGTATAGTCATATAAAGGAAGAAGATAGGAGAAGAAGCAGTGCAGCACAAGCAATGGAGGCTATATTTCAAGGTATAGACCT
758	4094	750	-	ATGGTTCTCCTGGTACTGGAAAATCTCTTGCCACTTCTGTTCTTGCTCGAATGCTAACTGTTGAGACTGATATATATTCTTTGCCCCCAGATCCTAAATATTTTGATGGGTATGATCAACAGAGTGTTGTTATCATGGATGATATCATGC
761	1087	750	-	GAAGTAGTACCATCACGGACATCTAGTGATAATAAAAGACCTAGTGATGACAGTTGGTTAAATTTTGATGGAACATTACTTGGTAACTTACCTATTTATCCCCACCAATACATTAATCTAAGGACTAACAATTCAGCTACCCTTATTTTA
764	2747	750	-	ATGGTGATAGTGCAGCATCAAAATACGGTTCTGTAGTCACTAATGATATGGGAACCATATGTGTTAGAATAGTGACATCCAACCAAAAACACGATTCAAATATTGTGTGCCGCATTTACCACAAGGCCAAACATATAAAAGCATGGTGTC
766	5980	750	-	GATTTGCCTATGGTTACTTTTCTGAAAGATGAACTTAGAAAGAAGGAAAAAATAAAAGATGGAAAGACTAGAGTCATAGAAGCTAATAGTGTGAATGATACTGTGTTATTCAGAAGTGTATTTGGAAATCTTTTCTCTGCTTTCCACAAA
767	721	750	-	GTTGCTTATGGTGTGTGGCCATCATACTTGACTCCAGATGATGCGACTGCTATTGACAAACCCACACAACCTGATACATCATCCAACAGATTCTACACCTTGGACAGTCGTTCTTGGACATCTGCCTCATCTGGATGGTGGTGGAAATTG
768	3754	750	-	GAAGCGTGTAACGCAGCACGTGGGCTAGAGTGGATTGGACAAAAGATATCTAAATTTATAGATTGGATAAAGAGTATGTTACCACAGGCTCAATTGAAAATTGATTACCTAACCAAATTAAAACAACTTAATCTCTTAGAGAAACAAATA
770	3530	750	-	CCACTAGTAAAATTGGTTCAAAAGTGATTAAATGGTTGTTGAGGATAGTTTCAGCTATGATAATAATGGTAAGGAATAGTTCTGATCCACAAACTGTAATTGCCACTCTCACCCTTCTAGGTTGTTCAGGCTCACCATGGAGGTTTCTTA
773	686	750	-	CCACTATAACATCCCAAGATACTGCAAATGCAGTTGTTGCTTATGGTGTGTGGCCATCATACTTGACTCCAGATGATGCGACTGCTATTGACAAACCCACACAACCTGATACATCATCCAACAGATTCTACACCTTGGACAGTCGTTCTT
776	423	750	-	TGCACAAGTATCTAGACAAAATGTTGGGACACACTCCACACAAAATTCAGTGAGCAATGGATCTAGCTTAAATTATTTCAACATCAATTATTTTAAAGACGCAGCTTCAAGTGGTGCTTCTAGATTGGATTTTTCTCAAGACCCTAGTAA
780	2274	750	-	TCAACCTGAAGATATGATTGAAACTAGATATGTTATAACTGATCAAACAAGGGATGAAACAAGTATTGAGAGTTTCTTAGGTAGGTCAGGGTGTATCGCTATGATAGAATTTAATACAAGTAGTGATAAAACTGAACATGATAAAATTGG
781	1033	750	-	AGTGGAAATGTATCAGTCGGGTACAATCACACCCACCCAGGTGAGCAAGGTAGAGAAGTAGTACCATCACGGACATCTAGTGATAATAAAAGACCTAGTGATGACAGTTGGTTAAATTTTGATGGAACATTACTTGGTAACTTACCTATT
787	0	750	-	GGGAGTGGGTTGTTCCCACTCACTCCACCCATGCGGTGTTGTACTCTGTTATTACGGTAACTTTGTACGCCAGTTTTTCCCACCCTTCCCCATAATGTAACTTAGAAGTTTGTACAATATGACCAATAGGTGACAATCATCCAGACTGTC
788	4168	750	-	TATTCTTTGCCCCCAGATCCTAAATATTTTGATGGGTATGATCAACAGAGTGTTGTTATCATGGATGATATCATGCAAAATCCTAGTGGTGAAGACATGACTTTGTTTTGCCAAATGGTATCGAGTGTCCCTTTCATACCTCCTATGGCA
789	5450	750	-	TTCTTGGTATACATGTTGGTGGCAATGGTAGAGATGGATTTTCTGCAATGCTTCTCAAATCTTATTTTGGTGAAACCCAGGGTTTAATCACTAAAGAACTTCCTGTATCTGTAAAGAACTTACCATCCGTACATGTTTCATCTAAAACCC
790	2867	750	-	ACAAGGCCAAACATATAAAAGCATGGTGTCCTCGCCCACCAAGGGCTGTTGCCTATCAACACACACACTCAACCAATTACATACCATCCAATGGTGAGGCCACAACTCAGATTAAAACCAGACCTGATGTTTTTACCGTTACAAACGTCG
792	6111	750	-	TTTCTCTGCTTTCCACAAAAACCCAGGTATAGTCACTGGTTCAGCAGTAGGGTGTGACCCTGAAGTATTCTGGTCAACTATACCTCTCATGCTAGATGGAGAATGTTTAATGGCTTTTGATTATTCAAACTATGATGGTAGCCTACATCC
793	0	750	-	CTTCTGTTTCCCCGGTCAATGAGGATATGCTTTACCCAAGGCAAAAACCTTAGAGATCGTTATCCCCACACTGCCTACACAGAGCCCAGTACCATTTTTGATATAATTGGGTTGGTCGCTCCCTGCAAACCCAGCAGTAGACCTGGCAGA
794	1880	750	-	ATTTAGTGTGGGATGTGGGGTTGCAGTCCACCGCCTCACTAGTTGTACCATGGGTTAGTGCTAGCCATTTTAGATTCACTACACCTGACACATATTCCTCAGCTGGTTATATTACATGCTGGTACCAGACCAACTTTGTAGTACCTGATA
797	2683	750	-	CCCAGATTCACAATCCCTTTTATGAGCATTGCATCAGCCTATTACATGTTTTATGATGGTTATGATGGTGATAGTGCAGCATCAAAATACGGTTCTGTAGTCACTAATGATATGGGAACCATATGTGTTAGAATAGTGACATCCAACCAA
802	1556	750	-	TTGAAATGTGCCAAGTTGACACACTCATTCCTGTTAACAATACACAGGAAAATGTAAGATCTGTGAATATGTACACTGTTGATTTACGCACACAAGTTGATTTAGCTAAAGAAGTCTTTTCTATACCAGTAGATATTGCCTCACAACCTT
805	4376	750	-	ACACTCTACTAACACCACCAACAGTATCTTCATTACCAGCAATGGCAAGAAGGTTTTACTTTGATCTAGACATTCAAGTTAAGAAAGAGTATCTTTTAGATGGCAAACTAGATATAGCAAAAAGCTTTCGACCATGTGATGTTAATATTA
808	718	750	-	GTTGTTGCTTATGGTGTGTGGCCATCATACTTGACTCCAGATGATGCGACTGCTATTGACAAACCCACACAACCTGATACATCATCCAACAGATTCTACACCTTGGACAGTCGTTCTTGGACATCTGCCTCATCTGGATGGTGGTGGAAA
810	6525	750	-	TTATAATTTTAAACTTGACATGGCAGTTCTTGCCAAAGAAGGAGAAAAATATGGACTAACAATCACCCCTGCTGATAAGTCTGATGTTTTCCAAGAATTGACCTATAAAAATGTAACTTTTCTTAAAAGAGGATTCAGAGCTGATGAGCG
817	3943	750	-	ATTTTCATTGAAATAAACACCCTTCATGATTTATCCTTAAAATTCTTACCACTGTATGCATCTGAAGCACGTAGAATTAAGAATTTATATATCAAATGCAGTAATGTTATTAAAGGGGGAAAGAGGAATGAACCAGTTGCAGTTCTAATA
818	6651	750	-	AAGAGGATTCAGAGCTGATGAGCGCCACTCTTTCCTTATACACCCTACCTTTCCTGTGGCTGAGATTCATGACTCCATCAGATGGACCAAAAACCCTTCATGTATGCAGGAACACGTGCTATCTTTGTGTCATTTAATGTGGCATAATGG
820	5064	750	-	TGGCATATATGACCAAGTCATGGTACTTCCAACACATTCTGACCCAGGCTCTGAGATCTTGGTAGATGGAGTAAAAGTTAAGGTCTCTGATTCCTATGATTTGCATAACCATGAGGGTGTTAAGCTAGAGATCACAGTTGTGAAATTAAT
821	2331	750	-	AACAAGTATTGAGAGTTTCTTAGGTAGGTCAGGGTGTATCGCTATGATAGAATTTAATACAAGTAGTGATAAAACTGAACATGATAAAATTGGTAAAGGATTCAAAACATGGAAGGTTAGTCTTCAAGAAATGGCACAAATCAGAAGAAA
822	2461	750	-	ATGGCACAAATCAGAAGAAAATATGAATTATTCACATATACAAGATTTGATTCAGAGATAACAATAGTCACTGCAGCCGCAGCTCAAGGAAATGATAGTGGACATATAGTATTGCAATTTATGTATGTACCCCCAGGAGCACCTGTCCCC
825	4543	750	-	TGCTGTCCATTTATCTGTGGAAAAGCTGTAGAGTTTAAAGATAGAAATTCATGTACAACCTTGTCTTTATCTCAATTGTATAGTCATATAAAGGAAGAAGATAGGAGAAGAAGCAGTGCAGCACAAGCAATGGAGGCTATATTTCAAGGT
832	2627	750	-	ACACATGGCAATCAGGAACAAATGCATCTGTGTTCTGGCAAGAAGGACAACCATACCCCAGATTCACAATCCCTTTTATGAGCATTGCATCAGCCTATTACATGTTTTATGATGGTTATGATGGTGATAGTGCAGCATCAAAATACGGTT
833	3199	750	-	CACCACAAAGATAGGTATTTTCCTATCAGAGTTACTGCACATGATTGGTATGAGATTCAAGAATCAGAATATTACCCAAAACATATCCAATATAATCTCCTGATTGGAGAGGGTCCTTGTGAACCAGGAGATTGTGGAGGAAAACTATTG
834	1524	750	-	AATATTTATACCTGGACAAGTTAGGAATTTAATTGAAATGTGCCAAGTTGACACACTCATTCCTGTTAACAATACACAGGAAAATGTAAGATCTGTGAATATGTACACTGTTGATTTACGCACACAAGTTGATTTAGCTAAAGAAGTCTT
835	4500	750	-	CTTTCGACCATGTGATGTTAATATTAAAATAGGCAATGCTAAGTGCTGTCCATTTATCTGTGGAAAAGCTGTAGAGTTTAAAGATAGAAATTCATGTACAACCTTGTCTTTATCTCAATTGTATAGTCATATAAAGGAAGAAGATAGGAG
839	5347	750	-	GGTAACATCTTATTGAGTGGTACCAATACTGCACGAATGATCAAGTACCATTACCCGACAAAAGCTGGATATTGTGGGGGTGTTTTGTACAAGGTTGGCTCTATTCTTGGTATACATGTTGGTGGCAATGGTAGAGATGGATTTTCTGCA
842	2412	750	-	TGATAAAATTGGTAAAGGATTCAAAACATGGAAGGTTAGTCTTCAAGAAATGGCACAAATCAGAAGAAAATATGAATTATTCACATATACAAGATTTGATTCAGAGATAACAATAGTCACTGCAGCCGCAGCTCAAGGAAATGATAGTGG
846	0	750	-	TGTCAAAGGTCAAGCACTTCTGTTTCCCCGGTCAATGAGGATATGCTTTACCCAAGGCAAAAACCTTAGAGATCGTTATCCCCACACTGCCTACACAGAGCCCAGTACCATTTTTGATATAATTGGGTTGGTCGCTCCCTGCAAACCCAG
847	5698	750	-	GCACTTTTCTCCAAATATAAAGGTAATCCTGCTTGTCAAGTGACCCCACACATGAAAATTGCTGTAGCACATTATGCAGCACAGTTATCTACACTAGACATAAATCCTCAACCCCTTTCATTGGAAGAGAGTGTGTTTGGTATTGAGGGA
849	243	750	-	CTCCGGCCCCTGAATGTGGCTAACCTTAACCCTGCAGCCGTTGCCCATAATCCAATGGGTTTGCGGTCGTAATGCGTAAGTGCGGGATGGGACCAACTACTTTGGGTGTCCGTGTTTCCTGTTTTTCTTTTGATTGCATTTTATGGTGAC
850	1831	750	-	CCTGGTGTTGGAAAACCTAAATCCAGGAGAGAAGCCATGCTTGGTACACATTTAGTGTGGGATGTGGGGTTGCAGTCCACCGCCTCACTAGTTGTACCATGGGTTAGTGCTAGCCATTTTAGATTCACTACACCTGACACATATTCCTCA
851	6440	750	-	TTAGAACTTTGGTACTAGATGCTTATAAGAACATAGATCTAGATAAACTGAAAATCTTAGCATATGGGGATGATGTCATCTTTTCTTATAATTTTAAACTTGACATGGCAGTTCTTGCCAAAGAAGGAGAAAAATATGGACTAACAATCA
854	1363	750	-	ATTAGCCCTATGTTTTCAGAATTTTCAGGGCCAAGAAGTAAGGTTGTGTTTAGTACCACTCAGGGTTTACCAGTTATGTTAACACCTGGATCTGGGCAATTCTTAACAACTGATGATACTCAATCCCCATCAGCGTTTCCATACTTCCAC
855	6636	750	-	TGTAACTTTTCTTAAAAGAGGATTCAGAGCTGATGAGCGCCACTCTTTCCTTATACACCCTACCTTTCCTGTGGCTGAGATTCATGACTCCATCAGATGGACCAAAAACCCTTCATGTATGCAGGAACACGTGCTATCTTTGTGTCATTT
856	1098	750	-	ATCACGGACATCTAGTGATAATAAAAGACCTAGTGATGACAGTTGGTTAAATTTTGATGGAACATTACTTGGTAACTTACCTATTTATCCCCACCAATACATTAATCTAAGGACTAACAATTCAGCTACCCTTATTTTACCTTATGTCAA
857	4147	750	-	CTAACTGTTGAGACTGATATATATTCTTTGCCCCCAGATCCTAAATATTTTGATGGGTATGATCAACAGAGTGTTGTTATCATGGATGATATCATGCAAAATCCTAGTGGTGAAGACATGACTTTGTTTTGCCAAATGGTATCGAGTGTC
859	4011	750	-	ACGTAGAATTAAGAATTTATATATCAAATGCAGTAATGTTATTAAAGGGGGAAAGAGGAATGAACCAGTTGCAGTTCTAATACATGGTTCTCCTGGTACTGGAAAATCTCTTGCCACTTCTGTTCTTGCTCGAATGCTAACTGTTGAGAC
860	6431	750	-	ATATTATCATTAGAACTTTGGTACTAGATGCTTATAAGAACATAGATCTAGATAAACTGAAAATCTTAGCATATGGGGATGATGTCATCTTTTCTTATAATTTTAAACTTGACATGGCAGTTCTTGCCAAAGAAGGAGAAAAATATGGAC
862	2286	750	-	TATGATTGAAACTAGATATGTTATAACTGATCAAACAAGGGATGAAACAAGTATTGAGAGTTTCTTAGGTAGGTCAGGGTGTATCGCTATGATAGAATTTAATACAAGTAGTGATAAAACTGAACATGATAAAATTGGTAAAGGATTCAA
863	2252	750	-	AAACCGGACACACCAGCTCTGTTCAACCTGAAGATATGATTGAAACTAGATATGTTATAACTGATCAAACAAGGGATGAAACAAGTATTGAGAGTTTCTTAGGTAGGTCAGGGTGTATCGCTATGATAGAATTTAATACAAGTAGTGATA
866	0	750	-	CCAATAGGTGACAATCATCCAGACTGTCAAAGGTCAAGCACTTCTGTTTCCCCGGTCAATGAGGATATGCTTTACCCAAGGCAAAAACCTTAGAGATCGTTATCCCCACACTGCCTACACAGAGCCCAGTACCATTTTTGATATAATTGG
867	1482	750	-	TCAATCCCCATCAGCGTTTCCATACTTCCACCCGACCAAGGAAATATTTATACCTGGACAAGTTAGGAATTTAATTGAAATGTGCCAAGTTGACACACTCATTCCTGTTAACAATACACAGGAAAATGTAAGATCTGTGAATATGTACAC
868	6291	750	-	AGAAGACATAGGTTTCTCCTCTCAACTTATTAACCAGATCTGTAACTCTAAACATATATACAAATCTAAGTATTATGAAGTGGAAGGAGGTATGCCATCTGGATGTGCTGGTACTAGTATTTTTAATACAATAATCAACAATATTATCAT
870	1215	750	-	CAATTCAGCTACCCTTATTTTACCTTATGTCAATGCTGTACCAATGGACTCTATGCTTAGACATAATAATTGGAGCTTGGTTATAATCCCAATATGCCCTCTTCAGGTCCAACCTGGGGGGACACAATCCATACCTATAACAGTATCAAT
872	5206	750	-	AAATTAATTAGAAATGAGAAGTTTAAAGACATCAGAAAATATTTACCCTCACGTGAAGATGACTATCCTGCTTGTAACCTTGCCTTACTAGCTAATCAAGATGAGCCAACAATAATAAGTGTTGGTGATGCAGTATCTTATGGTAACATC
873	4385	750	-	TAACACCACCAACAGTATCTTCATTACCAGCAATGGCAAGAAGGTTTTACTTTGATCTAGACATTCAAGTTAAGAAAGAGTATCTTTTAGATGGCAAACTAGATATAGCAAAAAGCTTTCGACCATGTGATGTTAATATTAAAATAGGCA
874	3605	750	-	ATAGTTCTGATCCACAAACTGTAATTGCCACTCTCACCCTTCTAGGTTGTTCAGGCTCACCATGGAGGTTTCTTAAAGAGAAACTCTGTGCGTGGCTCCAGCTTAGCTATGTACATAAGCAGTCTGATTCATGGCTCAAGAAATTTACTG
876	5614	750	-	GTTTTTCATGATGTTTTCCCTGGAACAAAAGAGCCTGCAGTTCTTAGTAGTAATGATCCAAGACTAGAAACTGACTTTGACTCAGCACTTTTCTCCAAATATAAAGGTAATCCTGCTTGTCAAGTGACCCCACACATGAAAATTGCTGTA
884	1393	750	-	CCAAGAAGTAAGGTTGTGTTTAGTACCACTCAGGGTTTACCAGTTATGTTAACACCTGGATCTGGGCAATTCTTAACAACTGATGATACTCAATCCCCATCAGCGTTTCCATACTTCCACCCGACCAAGGAAATATTTATACCTGGACAA
885	4139	750	-	CTCGAATGCTAACTGTTGAGACTGATATATATTCTTTGCCCCCAGATCCTAAATATTTTGATGGGTATGATCAACAGAGTGTTGTTATCATGGATGATATCATGCAAAATCCTAGTGGTGAAGACATGACTTTGTTTTGCCAAATGGTAT
886	2032	750	-	ACTCCAGATAACGCCAAAATGGTGTGCATGGTTTCTGCATGCAAAGATTTTTGCTTAAGATTAGCCAGAGATACTAACCTACACACACAAGAAGGAGTACTCACACAAAACCCAGTTGAAAATTATATAGATAGTGTATTAAATGAAGTT
887	1084	750	-	AGAGAAGTAGTACCATCACGGACATCTAGTGATAATAAAAGACCTAGTGATGACAGTTGGTTAAATTTTGATGGAACATTACTTGGTAACTTACCTATTTATCCCCACCAATACATTAATCTAAGGACTAACAATTCAGCTACCCTTATT
889	4148	750	-	TAACTGTTGAGACTGATATATATTCTTTGCCCCCAGATCCTAAATATTTTGATGGGTATGATCAACAGAGTGTTGTTATCATGGATGATATCATGCAAAATCCTAGTGGTGAAGACATGACTTTGTTTTGCCAAATGGTATCGAGTGTCC
890	4487	750	-	ATATAGCAAAAAGCTTTCGACCATGTGATGTTAATATTAAAATAGGCAATGCTAAGTGCTGTCCATTTATCTGTGGAAAAGCTGTAGAGTTTAAAGATAGAAATTCATGTACAACCTTGTCTTTATCTCAATTGTATAGTCATATAAAGG
891	0	750	-	GTCAAAGGTCAAGCACTTCTGTTTCCCCGGTCAATGAGGATATGCTTTACCCAAGGCAAAAACCTTAGAGATCGTTATCCCCACACTGCCTACACAGAGCCCAGTACCATTTTTGATATAATTGGGTTGGTCGCTCCCTGCAAACCCAGC
894	6404	750	-	CTAGTATTTTTAATACAATAATCAACAATATTATCATTAGAACTTTGGTACTAGATGCTTATAAGAACATAGATCTAGATAAACTGAAAATCTTAGCATATGGGGATGATGTCATCTTTTCTTATAATTTTAAACTTGACATGGCAGTTC
895	1077	750	-	GCAAGGTAGAGAAGTAGTACCATCACGGACATCTAGTGATAATAAAAGACCTAGTGATGACAGTTGGTTAAATTTTGATGGAACATTACTTGGTAACTTACCTATTTATCCCCACCAATACATTAATCTAAGGACTAACAATTCAGCTAC
897	1721	750	-	TAGGAGAACTTGCAAGCTATTACACACACTGGACTGGTAGTCTGCGCTTTAGCTTTATGTTTTGTGGTTCTGCTAGCTCTACTTTGAAACTATTAATTGCATACACTCCTCCTGGTGTTGGAAAACCTAAATCCAGGAGAGAAGCCATGC
899	4799	750	-	CAGAGTGTTCTATTGAAAGAGATTTAGGGATAGCAAATATGACTATAGGTATAATAGCTAATGTGGTCTCTATAGTAGGTGTTATCTATATAATTTATAAATTGTTCTGTACACTTCAGGGTCCATACTCAGGGGAACCTAAACCCAAAA
900	3805	750	-	AAATTTATAGATTGGATAAAGAGTATGTTACCACAGGCTCAATTGAAAATTGATTACCTAACCAAATTAAAACAACTTAATCTCTTAGAGAAACAAATAGAAACAATTAGACTTGCACCTGCTAGTGTTCAGGAGAAAATTTTCATTGAA
903	560	750	-	AAGACCCTAGTAAATTTACTGATCCTGTTAAAGATGTGTTAGAAAAGGGTATTCCAACACTTCAATCACCAACAGTTGAAGCTTGTGGTTATTCAGACAGACTAATACAGATAACCCGAGGAGATTCCACTATAACATCCCAAGATACTG
904	118	750	-	GATGAGGCTGGACATTCCCCACTGGCGACAGTGGTCCAGCCTGCGTGGCTGCCTGCTCACCCTTCTTGGGTGAGAAGCCTAATTATTGACAAGGTGTGAAGAGCCGCGTGTGCTCAGTGTGCTTCCTCCGGCCCCTGAATGTGGCTAACC
905	4058	750	-	GGGGAAAGAGGAATGAACCAGTTGCAGTTCTAATACATGGTTCTCCTGGTACTGGAAAATCTCTTGCCACTTCTGTTCTTGCTCGAATGCTAACTGTTGAGACTGATATATATTCTTTGCCCCCAGATCCTAAATATTTTGATGGGTATG
906	4703	750	-	AATCTCCTCCACCTCCAGCCATAGCTGACCTCCTTAGGTCTGTGAAAACACCAGAGATCATTAAGTATTGCCAAGATAATAATTGGATTGTTCCAGCAGAGTGTTCTATTGAAAGAGATTTAGGGATAGCAAATATGACTATAGGTATAA
908	872	750	-	CTGATGCCCTTAAAAACATGGGTATATTTGGTGAAAATATGTTTTACCATTTTCTAGGGAGATCTGGATACACAATACATGTACAATGTAATTCTAGCAAGTTTCATCAGGGTTTATTAATAGTTGCCGCCATCCCAGAACATCAATTGG
910	3	750	-	ACCCAAGGCAAAAACCTTAGAGATCGTTATCCCCACACTGCCTACACAGAGCCCAGTACCATTTTTGATATAATTGGGTTGGTCGCTCCCTGCAAACCCAGCAGTAGACCTGGCAGATGAGGCTGGACATTCCCCACTGGCGACAGTGGT
913	2863	750	-	TACCACAAGGCCAAACATATAAAAGCATGGTGTCCTCGCCCACCAAGGGCTGTTGCCTATCAACACACACACTCAACCAATTACATACCATCCAATGGTGAGGCCACAACTCAGATTAAAACCAGACCTGATGTTTTTACCGTTACAAAC
914	5738	750	-	TGACCCCACACATGAAAATTGCTGTAGCACATTATGCAGCACAGTTATCTACACTAGACATAAATCCTCAACCCCTTTCATTGGAAGAGAGTGTGTTTGGTATTGAGGGATTAGAAGCTTTGGATTTAAATACTAGTGCAGGATTTCCTT
917	3137	750	-	CAAACACTGAAGGTAATGATGTGATCCCTAATTGTGATTGCACTGAATGTACATATTACTGCCACCACAAAGATAGGTATTTTCCTATCAGAGTTACTGCACATGATTGGTATGAGATTCAAGAATCAGAATATTACCCAAAACATATCC
918	608	750	-	GTATTCCAACACTTCAATCACCAACAGTTGAAGCTTGTGGTTATTCAGACAGACTAATACAGATAACCCGAGGAGATTCCACTATAACATCCCAAGATACTGCAAATGCAGTTGTTGCTTATGGTGTGTGGCCATCATACTTGACTCCAG
919	6490	750	-	AAAATCTTAGCATATGGGGATGATGTCATCTTTTCTTATAATTTTAAACTTGACATGGCAGTTCTTGCCAAAGAAGGAGAAAAATATGGACTAACAATCACCCCTGCTGATAAGTCTGATGTTTTCCAAGAATTGACCTATAAAAATGTA
921	907	750	-	AATATGTTTTACCATTTTCTAGGGAGATCTGGATACACAATACATGTACAATGTAATTCTAGCAAGTTTCATCAGGGTTTATTAATAGTTGCCGCCATCCCAGAACATCAATTGGCATCTGCAACAAGTGGAAATGTATCAGTCGGGTAC
922	537	750	-	TGCTTCTAGATTGGATTTTTCTCAAGACCCTAGTAAATTTACTGATCCTGTTAAAGATGTGTTAGAAAAGGGTATTCCAACACTTCAATCACCAACAGTTGAAGCTTGTGGTTATTCAGACAGACTAATACAGATAACCCGAGGAGATTC
923	5391	750	-	GTACCATTACCCGACAAAAGCTGGATATTGTGGGGGTGTTTTGTACAAGGTTGGCTCTATTCTTGGTATACATGTTGGTGGCAATGGTAGAGATGGATTTTCTGCAATGCTTCTCAAATCTTATTTTGGTGAAACCCAGGGTTTAATCAC
924	5606	750	-	AACCTAGTGTTTTTCATGATGTTTTCCCTGGAACAAAAGAGCCTGCAGTTCTTAGTAGTAATGATCCAAGACTAGAAACTGACTTTGACTCAGCACTTTTCTCCAAATATAAAGGTAATCCTGCTTGTCAAGTGACCCCACACATGAAAA
927	5324	750	-	GTGTTGGTGATGCAGTATCTTATGGTAACATCTTATTGAGTGGTACCAATACTGCACGAATGATCAAGTACCATTACCCGACAAAAGCTGGATATTGTGGGGGTGTTTTGTACAAGGTTGGCTCTATTCTTGGTATACATGTTGGTGGCA
928	2097	750	-	CAGAGATACTAACCTACACACACAAGAAGGAGTACTCACACAAAACCCAGTTGAAAATTATATAGATAGTGTATTAAATGAAGTTCTTGTGGTGCCAAATATCCAACCTAGCACATCTGTGTCAAGTCATGCAGCGCCTGCATTGGATGC
929	5462	750	-	ATGTTGGTGGCAATGGTAGAGATGGATTTTCTGCAATGCTTCTCAAATCTTATTTTGGTGAAACCCAGGGTTTAATCACTAAAGAACTTCCTGTATCTGTAAAGAACTTACCATCCGTACATGTTTCATCTAAAACCCGACTACAACCTA
930	4546	750	-	TGTCCATTTATCTGTGGAAAAGCTGTAGAGTTTAAAGATAGAAATTCATGTACAACCTTGTCTTTATCTCAATTGTATAGTCATATAAAGGAAGAAGATAGGAGAAGAAGCAGTGCAGCACAAGCAATGGAGGCTATATTTCAAGGTATA
931	4587	750	-	AAATTCATGTACAACCTTGTCTTTATCTCAATTGTATAGTCATATAAAGGAAGAAGATAGGAGAAGAAGCAGTGCAGCACAAGCAATGGAGGCTATATTTCAAGGTATAGACCTCCAATCTCCTCCACCTCCAGCCATAGCTGACCTCCT
935	2199	750	-	CCAACCTAGCACATCTGTGTCAAGTCATGCAGCGCCTGCATTGGATGCTGCGGAAACCGGACACACCAGCTCTGTTCAACCTGAAGATATGATTGAAACTAGATATGTTATAACTGATCAAACAAGGGATGAAACAAGTATTGAGAGTTT
936	136	750	-	CCACTGGCGACAGTGGTCCAGCCTGCGTGGCTGCCTGCTCACCCTTCTTGGGTGAGAAGCCTAATTATTGACAAGGTGTGAAGAGCCGCGTGTGCTCAGTGTGCTTCCTCCGGCCCCTGAATGTGGCTAACCTTAACCCTGCAGCCGTTG
937	1817	750	-	TTGCATACACTCCTCCTGGTGTTGGAAAACCTAAATCCAGGAGAGAAGCCATGCTTGGTACACATTTAGTGTGGGATGTGGGGTTGCAGTCCACCGCCTCACTAGTTGTACCATGGGTTAGTGCTAGCCATTTTAGATTCACTACACCTG
938	658	750	-	AGACTAATACAGATAACCCGAGGAGATTCCACTATAACATCCCAAGATACTGCAAATGCAGTTGTTGCTTATGGTGTGTGGCCATCATACTTGACTCCAGATGATGCGACTGCTATTGACAAACCCACACAACCTGATACATCATCCAAC
939	2761	750	-	GCATCAAAATACGGTTCTGTAGTCACTAATGATATGGGAACCATATGTGTTAGAATAGTGACATCCAACCAAAAACACGATTCAAATATTGTGTGCCGCATTTACCACAAGGCCAAACATATAAAAGCATGGTGTCCTCGCCCACCAAGG
940	1764	750	-	GCGCTTTAGCTTTATGTTTTGTGGTTCTGCTAGCTCTACTTTGAAACTATTAATTGCATACACTCCTCCTGGTGTTGGAAAACCTAAATCCAGGAGAGAAGCCATGCTTGGTACACATTTAGTGTGGGATGTGGGGTTGCAGTCCACCGC
945	4108	750	-	ACTGGAAAATCTCTTGCCACTTCTGTTCTTGCTCGAATGCTAACTGTTGAGACTGATATATATTCTTTGCCCCCAGATCCTAAATATTTTGATGGGTATGATCAACAGAGTGTTGTTATCATGGATGATATCATGCAAAATCCTAGTGGT
946	6230	750	-	ATTATTCAAACTATGATGGTAGCCTACATCCCGTTTGGTTTAAATGTCTTAGTATGCTCTTAGAAGACATAGGTTTCTCCTCTCAACTTATTAACCAGATCTGTAACTCTAAACATATATACAAATCTAAGTATTATGAAGTGGAAGGAG
947	4841	750	-	CTATAGGTATAATAGCTAATGTGGTCTCTATAGTAGGTGTTATCTATATAATTTATAAATTGTTCTGTACACTTCAGGGTCCATACTCAGGGGAACCTAAACCCAAAAGCAGAGCTCCAGAGAGAAGAGTAGTTACTCAGGGCCCAGAGG
948	4449	750	-	TCAAGTTAAGAAAGAGTATCTTTTAGATGGCAAACTAGATATAGCAAAAAGCTTTCGACCATGTGATGTTAATATTAAAATAGGCAATGCTAAGTGCTGTCCATTTATCTGTGGAAAAGCTGTAGAGTTTAAAGATAGAAATTCATGTAC
949	6271	750	-	AAATGTCTTAGTATGCTCTTAGAAGACATAGGTTTCTCCTCTCAACTTATTAACCAGATCTGTAACTCTAAACATATATACAAATCTAAGTATTATGAAGTGGAAGGAGGTATGCCATCTGGATGTGCTGGTACTAGTATTTTTAATACA
950	1391	750	-	GGCCAAGAAGTAAGGTTGTGTTTAGTACCACTCAGGGTTTACCAGTTATGTTAACACCTGGATCTGGGCAATTCTTAACAACTGATGATACTCAATCCCCATCAGCGTTTCCATACTTCCACCCGACCAAGGAAATATTTATACCTGGAC
951	765	750	-	GACTGCTATTGACAAACCCACACAACCTGATACATCATCCAACAGATTCTACACCTTGGACAGTCGTTCTTGGACATCTGCCTCATCTGGATGGTGGTGGAAATTGCCTGATGCCCTTAAAAACATGGGTATATTTGGTGAAAATATGTT
953	6481	750	-	GATAAACTGAAAATCTTAGCATATGGGGATGATGTCATCTTTTCTTATAATTTTAAACTTGACATGGCAGTTCTTGCCAAAGAAGGAGAAAAATATGGACTAACAATCACCCCTGCTGATAAGTCTGATGTTTTCCAAGAATTGACCTAT
957	6407	750	-	GTATTTTTAATACAATAATCAACAATATTATCATTAGAACTTTGGTACTAGATGCTTATAAGAACATAGATCTAGATAAACTGAAAATCTTAGCATATGGGGATGATGTCATCTTTTCTTATAATTTTAAACTTGACATGGCAGTTCTTG
958	520	750	-	GACGCAGCTTCAAGTGGTGCTTCTAGATTGGATTTTTCTCAAGACCCTAGTAAATTTACTGATCCTGTTAAAGATGTGTTAGAAAAGGGTATTCCAACACTTCAATCACCAACAGTTGAAGCTTGTGGTTATTCAGACAGACTAATACAG
962	6747	750	-	TTCATGTATGCAGGAACACGTGCTATCTTTGTGTCATTTAATGTGGCATAATGGTAGACATGCATACCAGGAATTCATTAAAGGTATACGCAGTGTATCTGCCGGTCGGGCACTGTATATACCAGCTTATGAAGTTCTTGAACATGAATG
965	340	750	-	TACTTTGGGTGTCCGTGTTTCCTGTTTTTCTTTTGATTGCATTTTATGGTGACAATTTATAGTGTATAGATTGTCATCATGGGTGCACAAGTATCTAGACAAAATGTTGGGACACACTCCACACAAAATTCAGTGAGCAATGGATCTAGC
966	3042	750	-	GGGTAACTTAATCTATAGAAATCTTCATCTCTTTAATTCTGATCTTGATGATTCTATTCTTGTATCATACTCCAGTGATCTAATCATATATCGAACAAACACTGAAGGTAATGATGTGATCCCTAATTGTGATTGCACTGAATGTACATA
967	1813	750	-	TTAATTGCATACACTCCTCCTGGTGTTGGAAAACCTAAATCCAGGAGAGAAGCCATGCTTGGTACACATTTAGTGTGGGATGTGGGGTTGCAGTCCACCGCCTCACTAGTTGTACCATGGGTTAGTGCTAGCCATTTTAGATTCACTACA
971	2570	750	-	TATTGCAATTTATGTATGTACCCCCAGGAGCACCTGTCCCCGAAAAACGTGATGATTACACATGGCAATCAGGAACAAATGCATCTGTGTTCTGGCAAGAAGGACAACCATACCCCAGATTCACAATCCCTTTTATGAGCATTGCATCAG
975	1093	750	-	GTACCATCACGGACATCTAGTGATAATAAAAGACCTAGTGATGACAGTTGGTTAAATTTTGATGGAACATTACTTGGTAACTTACCTATTTATCCCCACCAATACATTAATCTAAGGACTAACAATTCAGCTACCCTTATTTTACCTTAT
976	2431	750	-	TTCAAAACATGGAAGGTTAGTCTTCAAGAAATGGCACAAATCAGAAGAAAATATGAATTATTCACATATACAAGATTTGATTCAGAGATAACAATAGTCACTGCAGCCGCAGCTCAAGGAAATGATAGTGGACATATAGTATTGCAATTT
977	4868	750	-	CTATAGTAGGTGTTATCTATATAATTTATAAATTGTTCTGTACACTTCAGGGTCCATACTCAGGGGAACCTAAACCCAAAAGCAGAGCTCCAGAGAGAAGAGTAGTTACTCAGGGCCCAGAGGAAGAGTTTGGTCGCTCACTACTCAAAC
979	4683	750	-	ATTTCAAGGTATAGACCTCCAATCTCCTCCACCTCCAGCCATAGCTGACCTCCTTAGGTCTGTGAAAACACCAGAGATCATTAAGTATTGCCAAGATAATAATTGGATTGTTCCAGCAGAGTGTTCTATTGAAAGAGATTTAGGGATAGC
981	1343	750	-	CCATACCTATAACAGTATCAATTAGCCCTATGTTTTCAGAATTTTCAGGGCCAAGAAGTAAGGTTGTGTTTAGTACCACTCAGGGTTTACCAGTTATGTTAACACCTGGATCTGGGCAATTCTTAACAACTGATGATACTCAATCCCCAT
984	3307	750	-	GAGGGTCCTTGTGAACCAGGAGATTGTGGAGGAAAACTATTGTGTAAACATGGTGTTATAGGTATGATTACAGCTGGAGGTGAAGGTCACGTTGCTTTTATTGACCTGAGAAAATTCCAGTGTGCTGAGGAGCAAGGGTTATCTGATTAT
990	247	750	-	GGCCCCTGAATGTGGCTAACCTTAACCCTGCAGCCGTTGCCCATAATCCAATGGGTTTGCGGTCGTAATGCGTAAGTGCGGGATGGGACCAACTACTTTGGGTGTCCGTGTTTCCTGTTTTTCTTTTGATTGCATTTTATGGTGACAATT
991	1298	750	-	TAATCCCAATATGCCCTCTTCAGGTCCAACCTGGGGGGACACAATCCATACCTATAACAGTATCAATTAGCCCTATGTTTTCAGAATTTTCAGGGCCAAGAAGTAAGGTTGTGTTTAGTACCACTCAGGGTTTACCAGTTATGTTAACAC
992	0	750	-	TTAGAAGTTTGTACAATATGACCAATAGGTGACAATCATCCAGACTGTCAAAGGTCAAGCACTTCTGTTTCCCCGGTCAATGAGGATATGCTTTACCCAAGGCAAAAACCTTAGAGATCGTTATCCCCACACTGCCTACACAGAGCCCAG
993	6373	750	-	GAAGGAGGTATGCCATCTGGATGTGCTGGTACTAGTATTTTTAATACAATAATCAACAATATTATCATTAGAACTTTGGTACTAGATGCTTATAAGAACATAGATCTAGATAAACTGAAAATCTTAGCATATGGGGATGATGTCATCTTT
994	6517	750	-	ATCTTTTCTTATAATTTTAAACTTGACATGGCAGTTCTTGCCAAAGAAGGAGAAAAATATGGACTAACAATCACCCCTGCTGATAAGTCTGATGTTTTCCAAGAATTGACCTATAAAAATGTAACTTTTCTTAAAAGAGGATTCAGAGCT
995	1515	750	-	GACCAAGGAAATATTTATACCTGGACAAGTTAGGAATTTAATTGAAATGTGCCAAGTTGACACACTCATTCCTGTTAACAATACACAGGAAAATGTAAGATCTGTGAATATGTACACTGTTGATTTACGCACACAAGTTGATTTAGCTAA
996	0	750	-	CCACCCTTCCCCATAATGTAACTTAGAAGTTTGTACAATATGACCAATAGGTGACAATCATCCAGACTGTCAAAGGTCAAGCACTTCTGTTTCCCCGGTCAATGAGGATATGCTTTACCCAAGGCAAAAACCTTAGAGATCGTTATCCCC
998	103	750	-	GCAGTAGACCTGGCAGATGAGGCTGGACATTCCCCACTGGCGACAGTGGTCCAGCCTGCGTGGCTGCCTGCTCACCCTTCTTGGGTGAGAAGCCTAATTATTGACAAGGTGTGAAGAGCCGCGTGTGCTCAGTGTGCTTCCTCCGGCCCC
# Résumé
Nombre total de reads: 1000
Nombre de reads alignés: 521
Taux d'alignement: 52.10%
Reads alignés sur brin direct (+): 0
Reads alignés sur brin inverse (-): 521
Seuil d'alignement: 80%
Temps d'exécution: 1.56 secondes
Utilisation mémoire: 52.95 MB
